token,symbol,name,expiry,strike,lotsize,instrumenttype,exch_seg,tick_size
99926000,Nifty 50,NIFTY,,0,1,AMXIDX,NSE,0
99926001,Nifty GrowSect 15,NIFTY GROWSECT 15,,0,1,AMXIDX,NSE,0
99926002,Nifty50 PR 2x Lev,NIFTY50 PR 2X LEV,,0,1,AMXIDX,NSE,0
99926004,Nifty 500,NIFTY 500,,0,1,AMXIDX,NSE,0
99926008,Nifty IT,NIFTY IT,,0,1,AMXIDX,NSE,0
99926009,Nifty Bank,BANKNIFTY,,0,1,AMXIDX,NSE,0
99926011,NIFTY MIDCAP 100,NIFTY MIDCAP 100,,0,1,AMXIDX,NSE,0
99926012,Nifty 100,NIFTY 100,,0,1,AMXIDX,NSE,0
99926013,Nifty Next 50,NIFTYNXT50,,0,1,AMXIDX,NSE,0
99926014,Nifty Midcap 50,NIFTY MIDCAP 50,,0,1,AMXIDX,NSE,0
99926018,Nifty Realty,NIFTY REALTY,,0,1,AMXIDX,NSE,0
99926019,Nifty Infra,NIFTY INFRA,,0,1,AMXIDX,NSE,0
99926020,Nifty Energy,NIFTY ENERGY,,0,1,AMXIDX,NSE,0
99926021,Nifty FMCG,NIFTY FMCG,,0,1,AMXIDX,NSE,0
99926022,Nifty MNC,NIFTY MNC,,0,1,AMXIDX,NSE,0
99926023,Nifty Pharma,NIFTY PHARMA,,0,1,AMXIDX,NSE,0
99926024,Nifty PSE,NIFTY PSE,,0,1,AMXIDX,NSE,0
99926025,Nifty PSU Bank,NIFTY PSU BANK,,0,1,AMXIDX,NSE,0
99926026,Nifty Serv Sector,NIFTY SERV SECTOR,,0,1,AMXIDX,NSE,0
99926029,Nifty Auto,NIFTY AUTO,,0,1,AMXIDX,NSE,0
99926030,Nifty Metal,NIFTY METAL,,0,1,AMXIDX,NSE,0
99926031,Nifty Media,NIFTY MEDIA,,0,1,AMXIDX,NSE,0
99926032,NIFTY SMLCAP 100,NIFTY SMLCAP 100,,0,1,AMXIDX,NSE,0
99926033,Nifty 200,NIFTY 200,,0,1,AMXIDX,NSE,0
99926034,Nifty Div Opps 50,NIFTY DIV OPPS 50,,0,1,AMXIDX,NSE,0
99926035,Nifty Commodities,NIFTY COMMODITIES,,0,1,AMXIDX,NSE,0
99926036,Nifty Consumption,NIFTY CONSUMPTION,,0,1,AMXIDX,NSE,0
99926037,Nifty Fin Service,FINNIFTY,,0,1,AMXIDX,NSE,0
99926038,Nifty50 Div Point,NIFTY50 DIV POINT,,0,1,AMXIDX,NSE,0
99926040,Nifty100 Liq 15,NIFTY100 LIQ 15,,0,1,AMXIDX,NSE,0
99926041,Nifty CPSE,NIFTY CPSE,,0,1,AMXIDX,NSE,0
99926042,Nifty50 PR 1x Inv,NIFTY50 PR 1X INV,,0,1,AMXIDX,NSE,0
99926043,Nifty50 TR 2x Lev,NIFTY50 TR 2X LEV,,0,1,AMXIDX,NSE,0
99926044,Nifty50 TR 1x Inv,NIFTY50 TR 1X INV,,0,1,AMXIDX,NSE,0
99926045,Nifty50 Value 20,NIFTY50 VALUE 20,,0,1,AMXIDX,NSE,0
99926046,Nifty Mid Liq 15,NIFTY MID LIQ 15,,0,1,AMXIDX,NSE,0
99926047,Nifty Pvt Bank,NIFTY PVT BANK,,0,1,AMXIDX,NSE,0
99926048,NIFTY100 Qualty30,NIFTY100 QUALTY30,,0,1,AMXIDX,NSE,0
99926049,Nifty GS 8 13Yr,NIFTY GS 8 13YR,,0,1,AMXIDX,NSE,0
99926050,Nifty GS 10Yr,NIFTY GS 10YR,,0,1,AMXIDX,NSE,0
99926051,Nifty GS 10Yr Cln,NIFTY GS 10YR CLN,,0,1,AMXIDX,NSE,0
99926052,Nifty GS 4 8Yr,NIFTY GS 4 8YR,,0,1,AMXIDX,NSE,0
99926053,Nifty GS 11 15Yr,NIFTY GS 11 15YR,,0,1,AMXIDX,NSE,0
99926054,Nifty GS 15YrPlus,NIFTY GS 15YRPLUS,,0,1,AMXIDX,NSE,0
99926055,Nifty GS Compsite,NIFTY GS COMPSITE,,0,1,AMXIDX,NSE,0
99926056,NIFTY50 EQL Wgt,NIFTY50 EQL WGT,,0,1,AMXIDX,NSE,0
99926057,NIFTY100 EQL Wgt,NIFTY100 EQL WGT,,0,1,AMXIDX,NSE,0
99926058,NIFTY100 LowVol30,NIFTY100 LOWVOL30,,0,1,AMXIDX,NSE,0
99926059,NIFTY Alpha 50,NIFTY ALPHA 50,,0,1,AMXIDX,NSE,0
99926060,NIFTY MIDCAP 150,NIFTY MIDCAP 150,,0,1,AMXIDX,NSE,0
99926061,NIFTY SMLCAP 50,NIFTY SMLCAP 50,,0,1,AMXIDX,NSE,0
99926062,NIFTY SMLCAP 250,NIFTY SMLCAP 250,,0,1,AMXIDX,NSE,0
99926063,NIFTY MIDSML 400,NIFTY MIDSML 400,,0,1,AMXIDX,NSE,0
99926064,NIFTY200 QUALTY30,NIFTY200 QUALTY30,,0,1,AMXIDX,NSE,0
99926074,NIFTY MID SELECT,MIDCPNIFTY,,0,1,AMXIDX,NSE,0
10181,BALKRISHNA-EQ,BALKRISHNA,,-1,1,,NSE,1
10188,SHYAMCENT-EQ,SHYAMCENT,,-1,1,,NSE,1
1030,AARON-EQ,AARON,,-1,1,,NSE,1
1044,AXISBNKETF-EQ,AXISBNKETF,,-1,1,,NSE,1
10453,SATIN-EQ,SATIN,,-1,1,,NSE,1
1053,UFLEX-EQ,UFLEX,,-1,1,,NSE,5
10557,NAVKARCORP-EQ,NAVKARCORP,,-1,1,,NSE,1
10577,KRBL-EQ,KRBL,,-1,1,,NSE,5
10588,SHREEPUSHK-EQ,SHREEPUSHK,,-1,1,,NSE,5
10693,MOMENTUM-EQ,MOMENTUM,,-1,1,,NSE,1
1073,FOSECOIND-EQ,FOSECOIND,,-1,1,,NSE,50
10738,OFSS-EQ,OFSS,,-1,1,,NSE,50
10753,UNIONBANK-EQ,UNIONBANK,,-1,1,,NSE,1
10791,NUCLEUS-EQ,NUCLEUS,,-1,1,,NSE,10
10905,GENESYS-EQ,GENESYS,,-1,1,,NSE,5
10939,JUNIORBEES-EQ,JUNIORBEES,,-1,1,,NSE,1
10945,TMB-EQ,TMB,,-1,1,,NSE,5
10993,INDORAMA-EQ,INDORAMA,,-1,1,,NSE,1
11155,CREATIVE-EQ,CREATIVE,,-1,1,,NSE,5
11195,INDIGO-EQ,INDIGO,,-1,1,,NSE,50
11287,UPL-EQ,UPL,,-1,1,,NSE,5
11399,SALZERELEC-EQ,SALZERELEC,,-1,1,,NSE,5
11445,PILANIINVS-EQ,PILANIINVS,,-1,1,,NSE,10
11471,EXCELINDUS-EQ,EXCELINDUS,,-1,1,,NSE,10
11536,TCS-EQ,TCS,,-1,1,,NSE,10
11549,TEXINFRA-EQ,TEXINFRA,,-1,1,,NSE,1
11640,BOHRAIND-EQ,BOHRAIND,,-1,1,,NSE,1
11667,DWARKESH-EQ,DWARKESH,,-1,1,,NSE,1
11689,SUPRAJIT-EQ,SUPRAJIT,,-1,1,,NSE,5
11699,PATELENG-EQ,PATELENG,,-1,1,,NSE,1
11787,GOYALALUM-EQ,GOYALALUM,,-1,1,,NSE,1
11798,ALLDIGI-EQ,ALLDIGI,,-1,1,,NSE,5
11813,SHOPERSTOP-EQ,SHOPERSTOP,,-1,1,,NSE,5
11821,WELCORP-EQ,WELCORP,,-1,1,,NSE,5
11829,SSWL-EQ,SSWL,,-1,1,,NSE,1
11943,MCLEODRUSS-EQ,MCLEODRUSS,,-1,1,,NSE,1
11956,MEDANTA-EQ,MEDANTA,,-1,1,,NSE,10
11999,FCSSOFT-EQ,FCSSOFT,,-1,1,,NSE,1
12018,SUZLON-EQ,SUZLON,,-1,1,,NSE,1
12032,FIVESTAR-EQ,FIVESTAR,,-1,1,,NSE,5
12034,BASML-EQ,BASML,,-1,1,,NSE,1
12108,HDFCPVTBAN-EQ,HDFCPVTBAN,,-1,1,,NSE,1
12578,FINIETF-EQ,FINIETF,,-1,1,,NSE,1
10217,ADANIENSOL-EQ,ADANIENSOL,,-1,1,,NSE,5
10350,CSLFINANCE-EQ,CSLFINANCE,,-1,1,,NSE,5
10397,JISLJALEQS-EQ,JISLJALEQS,,-1,1,,NSE,1
10585,MOM30IETF-EQ,MOM30IETF,,-1,1,,NSE,1
10634,ASAL-EQ,ASAL,,-1,1,,NSE,5
10726,INDIAMART-EQ,INDIAMART,,-1,1,,NSE,10
10768,OAL-EQ,OAL,,-1,1,,NSE,5
10825,MOVALUE-EQ,MOVALUE,,-1,1,,NSE,1
10893,DBOL-EQ,DBOL,,-1,1,,NSE,1
1110,DANGEE-EQ,DANGEE,,-1,1,,NSE,1
1134,APOLLO-EQ,APOLLO,,-1,1,,NSE,5
11212,SHK-EQ,SHK,,-1,1,,NSE,1
11253,WELSPUNLIV-EQ,WELSPUNLIV,,-1,1,,NSE,1
11256,JAIBALAJI-EQ,JAIBALAJI,,-1,1,,NSE,1
11591,HDFCNIFTY-EQ,HDFCNIFTY,,-1,1,,NSE,1
11630,NTPC-EQ,NTPC,,-1,1,,NSE,5
11763,JPPOWER-EQ,JPPOWER,,-1,1,,NSE,1
11817,MANGALAM-EQ,MANGALAM,,-1,1,,NSE,1
11880,JSWHL-EQ,JSWHL,,-1,1,,NSE,100
11892,VHL-EQ,VHL,,-1,1,,NSE,10
1190,FMGOETZE-EQ,FMGOETZE,,-1,1,,NSE,5
12072,SCPL-EQ,SCPL,,-1,1,,NSE,1
12092,KAYNES-EQ,KAYNES,,-1,1,,NSE,50
12173,HNDFDS-EQ,HNDFDS,,-1,1,,NSE,5
1247,GSFC-EQ,GSFC,,-1,1,,NSE,1
12533,AAATECH-EQ,AAATECH,,-1,1,,NSE,1
1011,SCHAEFFLER-EQ,SCHAEFFLER,,-1,1,,NSE,10
10099,GODREJCP-EQ,GODREJCP,,-1,1,,NSE,10
1023,FEDERALBNK-EQ,FEDERALBNK,,-1,1,,NSE,1
1038,FINCABLES-EQ,FINCABLES,,-1,1,,NSE,5
10300,RAMASTEEL-EQ,RAMASTEEL,,-1,1,,NSE,1
10310,AURUM-EQ,AURUM,,-1,1,,NSE,1
10512,CONS-EQ,CONS,,-1,1,,NSE,1
10580,TCI-EQ,TCI,,-1,1,,NSE,10
10666,PNB-EQ,PNB,,-1,1,,NSE,1
10690,NIFTYQLITY-EQ,NIFTYQLITY,,-1,1,,NSE,1
10733,SPORTKING-EQ,SPORTKING,,-1,1,,NSE,1
10793,SYRMA-EQ,SYRMA,,-1,1,,NSE,5
10932,RADAAN-EQ,RADAAN,,-1,1,,NSE,1
11032,SANGINITA-EQ,SANGINITA,,-1,1,,NSE,1
11037,BANKIETF-EQ,BANKIETF,,-1,1,,NSE,1
11140,SUMIT-EQ,SUMIT,,-1,1,,NSE,1
11226,BAGFILMS-EQ,BAGFILMS,,-1,1,,NSE,1
11241,HDFCGROWTH-EQ,HDFCGROWTH,,-1,1,,NSE,1
11255,HDFCQUAL-EQ,HDFCQUAL,,-1,1,,NSE,1
11265,TVSELECT-EQ,TVSELECT,,-1,1,,NSE,5
11309,BALAXI-EQ,BALAXI,,-1,1,,NSE,1
11343,AFFLE-EQ,AFFLE,,-1,1,,NSE,10
11351,PETRONET-EQ,PETRONET,,-1,1,,NSE,5
11355,PTC-EQ,PTC,,-1,1,,NSE,1
1139,GICHSGFIN-EQ,GICHSGFIN,,-1,1,,NSE,1
11377,MAHABANK-EQ,MAHABANK,,-1,1,,NSE,1
11407,XPROINDIA-EQ,XPROINDIA,,-1,1,,NSE,10
11483,LT-EQ,LT,,-1,1,,NSE,10
11491,APARINDS-EQ,APARINDS,,-1,1,,NSE,50
11571,PPLPHARMA-EQ,PPLPHARMA,,-1,1,,NSE,1
11581,GULFPETRO-EQ,GULFPETRO,,-1,1,,NSE,1
11606,GUFICBIO-EQ,GUFICBIO,,-1,1,,NSE,5
11647,KOTARISUG-EQ,KOTARISUG,,-1,1,,NSE,1
11731,CONSOFINVT-EQ,CONSOFINVT,,-1,1,,NSE,1
11896,GEOJITFSL-EQ,GEOJITFSL,,-1,1,,NSE,1
12101,HDFCNIFIT-EQ,HDFCNIFIT,,-1,1,,NSE,1
1214,DELTAMAGNT-EQ,DELTAMAGNT,,-1,1,,NSE,1
12124,DOLATALGO-EQ,DOLATALGO,,-1,1,,NSE,1
10243,SYNGENE-EQ,SYNGENE,,-1,1,,NSE,5
10508,MOHEALTH-EQ,MOHEALTH,,-1,1,,NSE,1
10515,UTISENSETF-EQ,UTISENSETF,,-1,1,,NSE,1
10604,BHARTIARTL-EQ,BHARTIARTL,,-1,1,,NSE,10
10822,MOQUALITY-EQ,MOQUALITY,,-1,1,,NSE,1
10925,GODREJIND-EQ,GODREJIND,,-1,1,,NSE,10
10940,DIVISLAB-EQ,DIVISLAB,,-1,1,,NSE,50
11060,KSOLVES-EQ,KSOLVES,,-1,1,,NSE,5
11220,VARDHACRLC-EQ,VARDHACRLC,,-1,1,,NSE,1
11301,LUXIND-EQ,LUXIND,,-1,1,,NSE,10
11359,DHANBANK-EQ,DHANBANK,,-1,1,,NSE,1
11374,TIPSFILMS-EQ,TIPSFILMS,,-1,1,,NSE,5
11403,POONAWALLA-EQ,POONAWALLA,,-1,1,,NSE,5
1145,GIPCL-EQ,GIPCL,,-1,1,,NSE,1
1164,NEWGEN-EQ,NEWGEN,,-1,1,,NSE,5
11703,ALKEM-EQ,ALKEM,,-1,1,,NSE,50
11705,XCHANGING-EQ,XCHANGING,,-1,1,,NSE,1
11779,ACEINTEG-EQ,ACEINTEG,,-1,1,,NSE,1
11860,JKPAPER-EQ,JKPAPER,,-1,1,,NSE,5
12000,FAZE3Q-EQ,FAZE3Q,,-1,1,,NSE,5
12716,TEAMLEASE-EQ,TEAMLEASE,,-1,1,,NSE,10
12847,KRISHANA-EQ,KRISHANA,,-1,1,,NSE,5
1289,GFLLIMITED-EQ,GFLLIMITED,,-1,1,,NSE,1
13061,360ONE-EQ,360ONE,,-1,1,,NSE,10
13111,ORIENTCER-EQ,ORIENTCER,,-1,1,,NSE,1
13162,CELEBRITY-EQ,CELEBRITY,,-1,1,,NSE,1
13275,INDOTECH-EQ,INDOTECH,,-1,1,,NSE,10
13285,M&MFIN-EQ,M&MFIN,,-1,1,,NSE,5
13300,NITCO-EQ,NITCO,,-1,1,,NSE,1
13404,SUNTV-EQ,SUNTV,,-1,1,,NSE,5
13565,RAMANEWS-EQ,RAMANEWS,,-1,1,,NSE,1
13750,FLUOROCHEM-EQ,FLUOROCHEM,,-1,1,,NSE,10
13810,GREENPANEL-EQ,GREENPANEL,,-1,1,,NSE,5
13839,DONEAR-EQ,DONEAR,,-1,1,,NSE,1
14014,LUMAXTECH-EQ,LUMAXTECH,,-1,1,,NSE,10
14096,SIYSIL-EQ,SIYSIL,,-1,1,,NSE,5
14111,NETWORK18-EQ,NETWORK18,,-1,1,,NSE,1
14154,UNOMINDA-EQ,UNOMINDA,,-1,1,,NSE,10
14413,PAGEIND-EQ,PAGEIND,,-1,1,,NSE,500
14667,KMSUGAR-EQ,KMSUGAR,,-1,1,,NSE,1
14732,DLF-EQ,DLF,,-1,1,,NSE,5
14742,AXSENSEX-EQ,AXSENSEX,,-1,1,,NSE,1
14753,031NSETEST-EQ,031NSETEST,,-1,1,,NSE,5
14755,041NSETEST-EQ,041NSETEST,,-1,1,,NSE,5
14778,131NSETEST-EQ,131NSETEST,,-1,1,,NSE,5
14788,SPARC-EQ,SPARC,,-1,1,,NSE,1
14894,CENTRALBK-EQ,CENTRALBK,,-1,1,,NSE,1
14912,KPRMILL-EQ,KPRMILL,,-1,1,,NSE,5
14917,TAKE-EQ,TAKE,,-1,1,,NSE,1
14937,CIEINDIA-EQ,CIEINDIA,,-1,1,,NSE,5
15068,RELIGARE-EQ,RELIGARE,,-1,1,,NSE,1
15119,EDELWEISS-EQ,EDELWEISS,,-1,1,,NSE,1
15146,JYOTHYLAB-EQ,JYOTHYLAB,,-1,1,,NSE,5
15180,KIRLPNU-EQ,KIRLPNU,,-1,1,,NSE,10
15244,KAVDEFENCE-EQ,KAVDEFENCE,,-1,1,,NSE,1
15283,KNRCON-EQ,KNRCON,,-1,1,,NSE,1
15377,PDMJEPAPER-EQ,PDMJEPAPER,,-1,1,,NSE,1
15391,RACE-EQ,RACE,,-1,1,,NSE,1
1621,TATAINVEST-EQ,TATAINVEST,,-1,1,,NSE,50
16639,KIRIINDUS-EQ,KIRIINDUS,,-1,1,,NSE,5
16682,PTCIL-EQ,PTCIL,,-1,1,,NSE,100
16696,GHCLTEXTIL-EQ,GHCLTEXTIL,,-1,1,,NSE,1
16713,UBL-EQ,UBL,,-1,1,,NSE,10
16863,LPDC-EQ,LPDC,,-1,1,,NSE,1
16913,ARTEMISMED-EQ,ARTEMISMED,,-1,1,,NSE,1
16921,20MICRONS-EQ,20MICRONS,,-1,1,,NSE,1
17022,MAWANASUG-EQ,MAWANASUG,,-1,1,,NSE,1
17263,ARMANFIN-EQ,ARMANFIN,,-1,1,,NSE,10
17270,ASPINWALL-EQ,ASPINWALL,,-1,1,,NSE,5
17419,BANKETF-EQ,BANKETF,,-1,1,,NSE,1
17424,GLOBUSSPR-EQ,GLOBUSSPR,,-1,1,,NSE,10
17486,EXPLEOSOL-EQ,EXPLEOSOL,,-1,1,,NSE,10
17603,MAHEPC-EQ,MAHEPC,,-1,1,,NSE,1
17722,DEN-EQ,DEN,,-1,1,,NSE,1
17795,TREL-EQ,TREL,,-1,1,,NSE,1
18011,WHIRLPOOL-EQ,WHIRLPOOL,,-1,1,,NSE,10
1802,JYOTISTRUC-EQ,JYOTISTRUC,,-1,1,,NSE,1
18029,MBLINFRA-EQ,MBLINFRA,,-1,1,,NSE,1
18118,THANGAMAYL-EQ,THANGAMAYL,,-1,1,,NSE,10
18131,YASHO-EQ,YASHO,,-1,1,,NSE,10
18208,ORIENTLTD-EQ,ORIENTLTD,,-1,1,,NSE,1
18423,RATNAVEER-EQ,RATNAVEER,,-1,1,,NSE,1
18652,ICICIPRULI-EQ,ICICIPRULI,,-1,1,,NSE,5
18883,SJVN-EQ,SJVN,,-1,1,,NSE,1
19015,MVGJL-EQ,MVGJL,,-1,1,,NSE,1
19235,IMFA-EQ,IMFA,,-1,1,,NSE,5
19233,AARTISURF-EQ,AARTISURF,,-1,1,,NSE,5
19458,PLAZACABLE-EQ,PLAZACABLE,,-1,1,,NSE,1
19496,SECMARK-EQ,SECMARK,,-1,1,,NSE,1
19599,PRAKASHSTL-EQ,PRAKASHSTL,,-1,1,,NSE,1
19631,PRICOLLTD-EQ,PRICOLLTD,,-1,1,,NSE,5
19761,ADFFOODS-EQ,ADFFOODS,,-1,1,,NSE,1
19933,EGOLD-EQ,EGOLD,,-1,1,,NSE,5
19937,KILITCH-EQ,KILITCH,,-1,1,,NSE,5
20071,INTENTECH-EQ,INTENTECH,,-1,1,,NSE,1
20110,GREENPOWER-EQ,GREENPOWER,,-1,1,,NSE,1
20257,ESILVER-EQ,ESILVER,,-1,1,,NSE,1
20302,PRESTIGE-EQ,PRESTIGE,,-1,1,,NSE,10
20322,FEDFINA-EQ,FEDFINA,,-1,1,,NSE,1
2043,RAMCOCEM-EQ,RAMCOCEM,,-1,1,,NSE,10
20616,SUPERHOUSE-EQ,SUPERHOUSE,,-1,1,,NSE,1
20822,SURAJEST-EQ,SURAJEST,,-1,1,,NSE,5
2085,MAHSCOOTER-EQ,MAHSCOOTER,,-1,1,,NSE,100
20950,RKDL-EQ,RKDL,,-1,1,,NSE,1
2112,MARALOVER-EQ,MARALOVER,,-1,1,,NSE,1
21195,GTPL-EQ,GTPL,,-1,1,,NSE,1
21423,MOM100-EQ,MOM100,,-1,1,,NSE,1
21478,UTINEXT50-EQ,UTINEXT50,,-1,1,,NSE,1
21484,STEL-EQ,STEL,,-1,1,,NSE,5
21623,APEX-EQ,APEX,,-1,1,,NSE,1
21690,DIXON-EQ,DIXON,,-1,1,,NSE,100
21986,BANKBETF-EQ,BANKBETF,,-1,1,,NSE,1
22365,ITIETF-EQ,ITIETF,,-1,1,,NSE,1
22663,JSFB-EQ,JSFB,,-1,1,,NSE,5
22739,MON100-EQ,MON100,,-1,1,,NSE,1
22947,EXICOM-EQ,EXICOM,,-1,1,,NSE,1
23175,KRYSTAL-EQ,KRYSTAL,,-1,1,,NSE,5
23590,GLOSTERLTD-EQ,GLOSTERLTD,,-1,1,,NSE,5
23806,ABSLPSE-EQ,ABSLPSE,,-1,1,,NSE,1
2412,PEL-EQ,PEL,,-1,1,,NSE,10
24184,PIIND-EQ,PIIND,,-1,1,,NSE,10
24226,STANLEY-EQ,STANLEY,,-1,1,,NSE,5
13198,COMMOIETF-EQ,COMMOIETF,,-1,1,,NSE,1
13270,JKCEMENT-EQ,JKCEMENT,,-1,1,,NSE,50
13310,KEI-EQ,KEI,,-1,1,,NSE,10
1336,HEG-EQ,HEG,,-1,1,,NSE,5
13342,VAKRANGEE-EQ,VAKRANGEE,,-1,1,,NSE,1
13496,PFOCUS-EQ,PFOCUS,,-1,1,,NSE,1
13501,ALLCARGO-EQ,ALLCARGO,,-1,1,,NSE,1
13511,MUNJALAU-EQ,MUNJALAU,,-1,1,,NSE,1
13648,TALBROAUTO-EQ,TALBROAUTO,,-1,1,,NSE,5
13675,NRL-EQ,NRL,,-1,1,,NSE,1
13688,ACLGATI-EQ,ACLGATI,,-1,1,,NSE,1
13814,KAMOPAINTS-EQ,KAMOPAINTS,,-1,1,,NSE,1
13859,VENUSREM-EQ,VENUSREM,,-1,1,,NSE,5
13870,KUANTUM-EQ,KUANTUM,,-1,1,,NSE,1
13966,HBLENGINE-EQ,HBLENGINE,,-1,1,,NSE,5
13976,TANLA-EQ,TANLA,,-1,1,,NSE,5
13987,ABSLBANETF-EQ,ABSLBANETF,,-1,1,,NSE,1
14008,AVTNPL-EQ,AVTNPL,,-1,1,,NSE,1
14116,GANDHITUBE-EQ,GANDHITUBE,,-1,1,,NSE,5
1424,HINDZINC-EQ,HINDZINC,,-1,1,,NSE,5
14385,POCL-EQ,POCL,,-1,1,,NSE,10
14428,GOLDBEES-EQ,GOLDBEES,,-1,1,,NSE,1
14535,GOLDSHARE-EQ,GOLDSHARE,,-1,1,,NSE,5
1467,AKZOINDIA-EQ,AKZOINDIA,,-1,1,,NSE,10
14767,081NSETEST-EQ,081NSETEST,,-1,1,,NSE,5
14786,LOWVOL-EQ,LOWVOL,,-1,1,,NSE,1
14793,MEGASOFT-EQ,MEGASOFT,,-1,1,,NSE,1
14853,OMAXE-EQ,OMAXE,,-1,1,,NSE,1
14957,MAGNUM-EQ,MAGNUM,,-1,1,,NSE,1
15214,DVL-EQ,DVL,,-1,1,,NSE,5
15234,AMBIKCO-EQ,AMBIKCO,,-1,1,,NSE,10
15295,VIRINCHI-EQ,VIRINCHI,,-1,1,,NSE,1
15419,DPSCLTD-EQ,DPSCLTD,,-1,1,,NSE,1
1547,RKEC-EQ,RKEC,,-1,1,,NSE,1
1594,INFY-EQ,INFY,,-1,1,,NSE,10
1630,IONEXCHANG-EQ,IONEXCHANG,,-1,1,,NSE,5
166,ANDHRAPAP-EQ,ANDHRAPAP,,-1,1,,NSE,1
16589,VAISHALI-EQ,VAISHALI,,-1,1,,NSE,1
16658,SIGMA-EQ,SIGMA,,-1,1,,NSE,5
16683,DIGISPICE-EQ,DIGISPICE,,-1,1,,NSE,1
16705,GOKUL-EQ,GOKUL,,-1,1,,NSE,1
1681,IVP-EQ,IVP,,-1,1,,NSE,1
16900,DPWIRES-EQ,DPWIRES,,-1,1,,NSE,1
17152,MIDCAPIETF-EQ,MIDCAPIETF,,-1,1,,NSE,1
17271,SENCO-EQ,SENCO,,-1,1,,NSE,5
17388,ADANIPOWER-EQ,ADANIPOWER,,-1,1,,NSE,5
17438,OIL-EQ,OIL,,-1,1,,NSE,5
17475,NV20IETF-EQ,NV20IETF,,-1,1,,NSE,1
17520,RTNPOWER-EQ,RTNPOWER,,-1,1,,NSE,1
17527,MAHASTEEL-EQ,MAHASTEEL,,-1,1,,NSE,5
17616,PSUBANKADD-EQ,PSUBANKADD,,-1,1,,NSE,1
17738,YATHARTH-EQ,YATHARTH,,-1,1,,NSE,5
17752,SHILPAMED-EQ,SHILPAMED,,-1,1,,NSE,5
17770,GROBTEA-EQ,GROBTEA,,-1,1,,NSE,10
17922,GEEKAYWIRE-EQ,GEEKAYWIRE,,-1,1,,NSE,1
17939,HINDCOPPER-EQ,HINDCOPPER,,-1,1,,NSE,1
17963,NESTLEIND-EQ,NESTLEIND,,-1,1,,NSE,10
18119,SRGHFL-EQ,SRGHFL,,-1,1,,NSE,5
18252,SPAL-EQ,SPAL,,-1,1,,NSE,5
18347,NIFMID150-EQ,NIFMID150,,-1,1,,NSE,1
18391,RBLBANK-EQ,RBLBANK,,-1,1,,NSE,5
18457,POWERINDIA-EQ,POWERINDIA,,-1,1,,NSE,100
18581,KIRLOSBROS-EQ,KIRLOSBROS,,-1,1,,NSE,10
18659,MARATHON-EQ,MARATHON,,-1,1,,NSE,5
18827,TARAPUR-EQ,TARAPUR,,-1,1,,NSE,1
18863,VERTOZ-EQ,VERTOZ,,-1,1,,NSE,1
18908,PNBHOUSING-EQ,PNBHOUSING,,-1,1,,NSE,5
19,STYRENIX-EQ,STYRENIX,,-1,1,,NSE,10
1927,LIQUIDETF-EQ,LIQUIDETF,,-1,1,,NSE,1
19184,SFL-EQ,SFL,,-1,1,,NSE,5
19372,SPCENET-EQ,SPCENET,,-1,1,,NSE,1
19401,BOROLTD-EQ,BOROLTD,,-1,1,,NSE,5
19531,BAJAJCON-EQ,BAJAJCON,,-1,1,,NSE,1
19585,BSE-EQ,BSE,,-1,1,,NSE,10
19813,HONASA-EQ,HONASA,,-1,1,,NSE,5
20178,AKSHARCHEM-EQ,AKSHARCHEM,,-1,1,,NSE,5
20261,IREDA-EQ,IREDA,,-1,1,,NSE,1
20531,BAJEL-EQ,BAJEL,,-1,1,,NSE,1
20560,DOLLAR-EQ,DOLLAR,,-1,1,,NSE,5
20854,HAPPYFORGE-EQ,HAPPYFORGE,,-1,1,,NSE,5
21174,CDSL-EQ,CDSL,,-1,1,,NSE,10
21238,AUBANK-EQ,AUBANK,,-1,1,,NSE,5
21254,LOWVOLIETF-EQ,LOWVOLIETF,,-1,1,,NSE,1
2142,MFSL-EQ,MFSL,,-1,1,,NSE,10
21339,STEELXIND-EQ,STEELXIND,,-1,1,,NSE,1
2144,BDL-EQ,BDL,,-1,1,,NSE,10
21427,THEINVEST-EQ,THEINVEST,,-1,1,,NSE,1
21428,TATSILV-EQ,TATSILV,,-1,1,,NSE,1
21508,COCHINSHIP-EQ,COCHINSHIP,,-1,1,,NSE,10
2168,RAJMET-EQ,RAJMET,,-1,1,,NSE,1
21750,LIQUIDCASE-EQ,LIQUIDCASE,,-1,1,,NSE,1
22239,EBBETF0431-EQ,EBBETF0431,,-1,1,,NSE,1
22255,NDRAUTO-EQ,NDRAUTO,,-1,1,,NSE,10
22360,MCL-EQ,MCL,,-1,1,,NSE,1
22423,TOTAL-EQ,TOTAL,,-1,1,,NSE,1
2289,HLEGLAS-EQ,HLEGLAS,,-1,1,,NSE,5
23027,LANCORHOL-EQ,LANCORHOL,,-1,1,,NSE,1
23056,JGCHEM-EQ,JGCHEM,,-1,1,,NSE,5
23066,GOPAL-EQ,GOPAL,,-1,1,,NSE,5
2388,NELCO-EQ,NELCO,,-1,1,,NSE,5
24225,RELAXO-EQ,RELAXO,,-1,1,,NSE,5
24321,VRAJ-EQ,VRAJ,,-1,1,,NSE,1
13072,IIFLCAPS-EQ,IIFLCAPS,,-1,1,,NSE,5
13126,REPRO-EQ,REPRO,,-1,1,,NSE,5
13182,ROHLTD-EQ,ROHLTD,,-1,1,,NSE,5
13197,GSPL-EQ,GSPL,,-1,1,,NSE,5
13290,BLKASHYAP-EQ,BLKASHYAP,,-1,1,,NSE,1
13305,CENTURYPLY-EQ,CENTURYPLY,,-1,1,,NSE,5
13381,KKCL-EQ,KKCL,,-1,1,,NSE,5
13510,AKASH-EQ,AKASH,,-1,1,,NSE,1
13560,GRINDWELL-EQ,GRINDWELL,,-1,1,,NSE,10
13580,RADIANTCMS-EQ,RADIANTCMS,,-1,1,,NSE,1
1363,HINDALCO-EQ,HINDALCO,,-1,1,,NSE,5
13658,GEECEE-EQ,GEECEE,,-1,1,,NSE,5
13710,FIEMIND-EQ,FIEMIND,,-1,1,,NSE,10
13735,GLOBALVECT-EQ,GLOBALVECT,,-1,1,,NSE,1
13821,RUCHIRA-EQ,RUCHIRA,,-1,1,,NSE,1
13868,AARTIPHARM-EQ,AARTIPHARM,,-1,1,,NSE,5
13920,PLASTIBLEN-EQ,PLASTIBLEN,,-1,1,,NSE,1
13982,JASH-EQ,JASH,,-1,1,,NSE,5
14101,PTL-EQ,PTL,,-1,1,,NSE,1
14218,CTE-EQ,CTE,,-1,1,,NSE,1
14223,TIIL-EQ,TIIL,,-1,1,,NSE,10
14255,REDINGTON-EQ,REDINGTON,,-1,1,,NSE,1
14260,PGIL-EQ,PGIL,,-1,1,,NSE,10
14278,ORIENTBELL-EQ,ORIENTBELL,,-1,1,,NSE,5
14296,SEQUENT-EQ,SEQUENT,,-1,1,,NSE,1
14309,INDIANB-EQ,INDIANB,,-1,1,,NSE,5
14334,HSCL-EQ,HSCL,,-1,1,,NSE,5
14361,APOLLOPIPE-EQ,APOLLOPIPE,,-1,1,,NSE,5
14523,ICRA-EQ,ICRA,,-1,1,,NSE,50
14562,ZENITHSTL-EQ,ZENITHSTL,,-1,1,,NSE,1
14672,NAVINFLUOR-EQ,NAVINFLUOR,,-1,1,,NSE,10
14687,GOACARBON-EQ,GOACARBON,,-1,1,,NSE,5
14782,151NSETEST-EQ,151NSETEST,,-1,1,,NSE,5
14952,INDOWIND-EQ,INDOWIND,,-1,1,,NSE,1
14992,CCCL-EQ,CCCL,,-1,1,,NSE,1
15355,RECLTD-EQ,RECLTD,,-1,1,,NSE,5
15404,ATAM-EQ,ATAM,,-1,1,,NSE,1
1581,TARC-EQ,TARC,,-1,1,,NSE,1
15555,HCG-EQ,HCG,,-1,1,,NSE,5
16045,PRINCEPIPE-EQ,PRINCEPIPE,,-1,1,,NSE,5
163,APOLLOTYRE-EQ,APOLLOTYRE,,-1,1,,NSE,5
1624,IOC-EQ,IOC,,-1,1,,NSE,1
16657,ANIKINDS-EQ,ANIKINDS,,-1,1,,NSE,1
16927,JOCIL-EQ,JOCIL,,-1,1,,NSE,1
17044,SHARIABEES-EQ,SHARIABEES,,-1,1,,NSE,1
17062,PALREDTEC-EQ,PALREDTEC,,-1,1,,NSE,1
17105,SUMICHEM-EQ,SUMICHEM,,-1,1,,NSE,5
17613,SENSEXADD-EQ,SENSEXADD,,-1,1,,NSE,1
17635,ZYDUSWELL-EQ,ZYDUSWELL,,-1,1,,NSE,10
17875,GODREJPROP-EQ,GODREJPROP,,-1,1,,NSE,10
17927,BAYERCROP-EQ,BAYERCROP,,-1,1,,NSE,50
18012,VLEGOV-EQ,VLEGOV,,-1,1,,NSE,1
18026,SBFC-EQ,SBFC,,-1,1,,NSE,1
18359,SANDUMA-EQ,SANDUMA,,-1,1,,NSE,5
184,TCPLPACK-EQ,TCPLPACK,,-1,1,,NSE,10
1841,KCP-EQ,KCP,,-1,1,,NSE,1
18504,TVVISION-EQ,TVVISION,,-1,1,,NSE,1
18543,DIACABS-EQ,DIACABS,,-1,1,,NSE,1
18553,JLHL-EQ,JLHL,,-1,1,,NSE,10
1901,CUMMINSIND-EQ,CUMMINSIND,,-1,1,,NSE,10
19126,KIOCL-EQ,KIOCL,,-1,1,,NSE,5
1919,KOPRAN-EQ,KOPRAN,,-1,1,,NSE,1
19289,MOM50-EQ,MOM50,,-1,1,,NSE,1
19783,MUFIN-EQ,MUFIN,,-1,1,,NSE,1
19877,RADIOCITY-EQ,RADIOCITY,,-1,1,,NSE,1
1994,LIBERTSHOE-EQ,LIBERTSHOE,,-1,1,,NSE,5
19913,DMART-EQ,DMART,,-1,1,,NSE,10
1997,LICHSGFIN-EQ,LICHSGFIN,,-1,1,,NSE,5
20072,INFRABEES-EQ,INFRABEES,,-1,1,,NSE,1
2018,LUMAXIND-EQ,LUMAXIND,,-1,1,,NSE,10
20134,RAMKY-EQ,RAMKY,,-1,1,,NSE,5
20852,ZEELEARN-EQ,ZEELEARN,,-1,1,,NSE,1
21091,STARCEMENT-EQ,STARCEMENT,,-1,1,,NSE,5
212,ASHOKLEY-EQ,ASHOKLEY,,-1,1,,NSE,1
2124,MASTEK-EQ,MASTEK,,-1,1,,NSE,10
21406,AVADHSUGAR-EQ,AVADHSUGAR,,-1,1,,NSE,5
21726,MATRIMONY-EQ,MATRIMONY,,-1,1,,NSE,5
21808,SBILIFE-EQ,SBILIFE,,-1,1,,NSE,10
2183,SUNDARMHLD-EQ,SUNDARMHLD,,-1,1,,NSE,5
22347,MACPOWER-EQ,MACPOWER,,-1,1,,NSE,5
22463,EPACK-EQ,EPACK,,-1,1,,NSE,5
22656,SIGNPOST-EQ,SIGNPOST,,-1,1,,NSE,5
2277,MRF-EQ,MRF,,-1,1,,NSE,500
2319,NCC-EQ,NCC,,-1,1,,NSE,1
23489,BHARTIHEXA-EQ,BHARTIHEXA,,-1,1,,NSE,10
23650,MUTHOOTFIN-EQ,MUTHOOTFIN,,-1,1,,NSE,10
23740,TBOTEK-EQ,TBOTEK,,-1,1,,NSE,10
23864,AWFIS-EQ,AWFIS,,-1,1,,NSE,5
24081,TOP100CASE-EQ,TOP100CASE,,-1,1,,NSE,1
24196,VADILALIND-EQ,VADILALIND,,-1,1,,NSE,50
24217,IVZINNIFTY-EQ,IVZINNIFTY,,-1,1,,NSE,1
13001,DHARMAJ-EQ,DHARMAJ,,-1,1,,NSE,5
1313,HARRMALAYA-EQ,HARRMALAYA,,-1,1,,NSE,1
13143,GSEC10IETF-EQ,GSEC10IETF,,-1,1,,NSE,1
13192,ENIL-EQ,ENIL,,-1,1,,NSE,1
13218,SULA-EQ,SULA,,-1,1,,NSE,1
13236,SADBHAV-EQ,SADBHAV,,-1,1,,NSE,1
13260,KEC-EQ,KEC,,-1,1,,NSE,5
13332,SOLARINDS-EQ,SOLARINDS,,-1,1,,NSE,100
13352,MALUPAPER-EQ,MALUPAPER,,-1,1,,NSE,1
13376,UTTAMSUGAR-EQ,UTTAMSUGAR,,-1,1,,NSE,5
13421,EMKAY-EQ,EMKAY,,-1,1,,NSE,1
13430,KELLTONTEC-EQ,KELLTONTEC,,-1,1,,NSE,1
13557,AVONMORE-EQ,AVONMORE,,-1,1,,NSE,1
13620,ANANTRAJ-EQ,ANANTRAJ,,-1,1,,NSE,5
13643,ELECON-EQ,ELECON,,-1,1,,NSE,5
1375,HCC-EQ,HCC,,-1,1,,NSE,1
13720,JHS-EQ,JHS,,-1,1,,NSE,1
13725,DCBBANK-EQ,DCBBANK,,-1,1,,NSE,1
13796,MANALIPETC-EQ,MANALIPETC,,-1,1,,NSE,1
1394,HINDUNILVR-EQ,HINDUNILVR,,-1,1,,NSE,10
14019,VEEDOL-EQ,VEEDOL,,-1,1,,NSE,10
14063,WANBURY-EQ,WANBURY,,-1,1,,NSE,5
14064,ASMS-EQ,ASMS,,-1,1,,NSE,1
14230,HDFCBSE500-EQ,HDFCBSE500,,-1,1,,NSE,1
14236,HDFCMID150-EQ,HDFCMID150,,-1,1,,NSE,1
14319,TFL-EQ,TFL,,-1,1,,NSE,1
14339,GANESHHOU-EQ,GANESHHOU,,-1,1,,NSE,5
14459,LEXUS-EQ,LEXUS,,-1,1,,NSE,1
14557,AROGRANITE-EQ,AROGRANITE,,-1,1,,NSE,1
14597,ALPHAGEO-EQ,ALPHAGEO,,-1,1,,NSE,1
14627,HILTON-EQ,HILTON,,-1,1,,NSE,1
1465,ACCURACY-EQ,ACCURACY,,-1,1,,NSE,1
14751,021NSETEST-EQ,021NSETEST,,-1,1,,NSE,5
14772,101NSETEST-EQ,101NSETEST,,-1,1,,NSE,5
14781,141NSETEST-EQ,141NSETEST,,-1,1,,NSE,5
1485,IFBIND-EQ,IFBIND,,-1,1,,NSE,10
1491,IFCI-EQ,IFCI,,-1,1,,NSE,1
14858,GOLD1-EQ,GOLD1,,-1,1,,NSE,1
15083,ADANIPORTS-EQ,ADANIPORTS,,-1,1,,NSE,10
1512,INDHOTEL-EQ,INDHOTEL,,-1,1,,NSE,5
15141,COLPAL-EQ,COLPAL,,-1,1,,NSE,10
15156,KALYANIFRG-EQ,KALYANIFRG,,-1,1,,NSE,5
15228,UJJIVANSFB-EQ,UJJIVANSFB,,-1,1,,NSE,1
15271,CORDSCABLE-EQ,CORDSCABLE,,-1,1,,NSE,1
15278,ONMOBILE-EQ,ONMOBILE,,-1,1,,NSE,1
15288,HERCULES-EQ,HERCULES,,-1,1,,NSE,1
15356,GOLDETFADD-EQ,GOLDETFADD,,-1,1,,NSE,1
15362,VGUARD-EQ,VGUARD,,-1,1,,NSE,5
15384,DHANI-EQ,DHANI,,-1,1,,NSE,1
1565,RVHL-EQ,RVHL,,-1,1,,NSE,1
15399,EIHAHOTELS-EQ,EIHAHOTELS,,-1,1,,NSE,5
1593,MGEL-EQ,MGEL,,-1,1,,NSE,1
16777,SILVERAG-EQ,SILVERAG,,-1,1,,NSE,1
17029,PATANJALI-EQ,PATANJALI,,-1,1,,NSE,10
17071,URAVIDEF-EQ,URAVIDEF,,-1,1,,NSE,5
17307,AJMERA-EQ,AJMERA,,-1,1,,NSE,5
17351,SALONA-EQ,SALONA,,-1,1,,NSE,1
17397,PREMEXPLN-EQ,PREMEXPLN,,-1,1,,NSE,5
17572,LIQUID-EQ,LIQUID,,-1,1,,NSE,1
17576,PVTBANKADD-EQ,PVTBANKADD,,-1,1,,NSE,1
17598,ASALCBR-EQ,ASALCBR,,-1,1,,NSE,10
17794,SOMICONVEY-EQ,SOMICONVEY,,-1,1,,NSE,1
17833,AHLUCONT-EQ,AHLUCONT,,-1,1,,NSE,5
17957,MMTC-EQ,MMTC,,-1,1,,NSE,1
181,ARENTERP-EQ,ARENTERP,,-1,1,,NSE,1
18142,EMMBI-EQ,EMMBI,,-1,1,,NSE,1
18220,KECL-EQ,KECL,,-1,1,,NSE,1
18479,ISFT-EQ,ISFT,,-1,1,,NSE,1
1859,KESORAMIND-EQ,KESORAMIND,,-1,1,,NSE,1
18889,KSL-EQ,KSL,,-1,1,,NSE,5
19104,ROLLT-EQ,ROLLT,,-1,1,,NSE,1
19322,HISARMETAL-EQ,HISARMETAL,,-1,1,,NSE,1
1949,KSB-EQ,KSB,,-1,1,,NSE,5
1937,KREBSBIO-EQ,KREBSBIO,,-1,1,,NSE,1
19438,AHLEAST-EQ,AHLEAST,,-1,1,,NSE,1
19543,HDFCGOLD-EQ,HDFCGOLD,,-1,1,,NSE,1
1964,TRENT-EQ,TRENT,,-1,1,,NSE,50
19633,ITETF-EQ,ITETF,,-1,1,,NSE,1
1979,LMW-EQ,LMW,,-1,1,,NSE,100
19731,GPPL-EQ,GPPL,,-1,1,,NSE,1
19876,LGHL-EQ,LGHL,,-1,1,,NSE,5
19943,DEEPAKNTR-EQ,DEEPAKNTR,,-1,1,,NSE,10
20196,BEDMUTHA-EQ,BEDMUTHA,,-1,1,,NSE,1
2031,M&M-EQ,M&M,,-1,1,,NSE,10
20413,IOLCP-EQ,IOLCP,,-1,1,,NSE,1
20534,GRAVITA-EQ,GRAVITA,,-1,1,,NSE,10
20547,BBNPPGOLD-EQ,BBNPPGOLD,,-1,1,,NSE,5
20621,PENIND-EQ,PENIND,,-1,1,,NSE,1
20698,SCHAND-EQ,SCHAND,,-1,1,,NSE,1
20830,MOIL-EQ,MOIL,,-1,1,,NSE,5
20956,SUNCLAY-EQ,SUNCLAY,,-1,1,,NSE,10
21314,DYNPRO-EQ,DYNPRO,,-1,1,,NSE,5
21362,SALASAR-EQ,SALASAR,,-1,1,,NSE,1
21501,SIS-EQ,SIS,,-1,1,,NSE,5
21551,SMSLIFE-EQ,SMSLIFE,,-1,1,,NSE,10
21614,ABCAPITAL-EQ,ABCAPITAL,,-1,1,,NSE,5
2176,AKG-EQ,AKG,,-1,1,,NSE,1
21740,CHOLAHLDNG-EQ,CHOLAHLDNG,,-1,1,,NSE,10
2181,BOSCHLTD-EQ,BOSCHLTD,,-1,1,,NSE,500
21840,DIAMONDYD-EQ,DIAMONDYD,,-1,1,,NSE,5
220,IEX-EQ,IEX,,-1,1,,NSE,1
2229,MODIRUBBER-EQ,MODIRUBBER,,-1,1,,NSE,1
22277,WORTH-EQ,WORTH,,-1,1,,NSE,1
22282,TIRUPATIFL-EQ,TIRUPATIFL,,-1,1,,NSE,1
22415,LOVABLE-EQ,LOVABLE,,-1,1,,NSE,1
22521,NIF5GETF-EQ,NIF5GETF,,-1,1,,NSE,1
22592,HEALTHADD-EQ,HEALTHADD,,-1,1,,NSE,1
22595,HDFCPSUBK-EQ,HDFCPSUBK,,-1,1,,NSE,1
22730,VSTL-EQ,VSTL,,-1,1,,NSE,1
23043,RKSWAMY-EQ,RKSWAMY,,-1,1,,NSE,1
2316,HEIDELBERG-EQ,HEIDELBERG,,-1,1,,NSE,1
23446,171NSETEST-EQ,171NSETEST,,-1,1,,NSE,5
2350,NURECA-EQ,NURECA,,-1,1,,NSE,1
23512,TARACHAND-EQ,TARACHAND,,-1,1,,NSE,1
23799,GODIGIT-EQ,GODIGIT,,-1,1,,NSE,5
24067,IXIGO-EQ,IXIGO,,-1,1,,NSE,5
24077,MID150CASE-EQ,MID150CASE,,-1,1,,NSE,1
24154,DEEDEV-EQ,DEEDEV,,-1,1,,NSE,5
24265,ESTER-EQ,ESTER,,-1,1,,NSE,1
24403,ASHIANA-EQ,ASHIANA,,-1,1,,NSE,5
2454,CENTRUM-EQ,CENTRUM,,-1,1,,NSE,1
2472,OILCOUNTUB-EQ,OILCOUNTUB,,-1,1,,NSE,1
24851,SUYOG-EQ,SUYOG,,-1,1,,NSE,5
24861,METALIETF-EQ,METALIETF,,-1,1,,NSE,1
2496,ORIENTPPR-EQ,ORIENTPPR,,-1,1,,NSE,1
24937,MFML-EQ,MFML,,-1,1,,NSE,1
25017,BODALCHEM-EQ,BODALCHEM,,-1,1,,NSE,1
25392,PANAMAPET-EQ,PANAMAPET,,-1,1,,NSE,5
25447,GROWWLIQID-EQ,GROWWLIQID,,-1,1,,NSE,1
25844,HYUNDAI-EQ,HYUNDAI,,-1,1,,NSE,10
2709,MTARTECH-EQ,MTARTECH,,-1,1,,NSE,10
27144,BLACKBUCK-EQ,BLACKBUCK,,-1,1,,NSE,5
27297,RTNINDIA-EQ,RTNINDIA,,-1,1,,NSE,1
27303,SAMPANN-EQ,SAMPANN,,-1,1,,NSE,1
2739,PRSMJOHNSN-EQ,PRSMJOHNSN,,-1,1,,NSE,1
28378,IGIL-EQ,IGIL,,-1,1,,NSE,5
28879,CARRARO-EQ,CARRARO,,-1,1,,NSE,5
28913,ROSSELLIND-EQ,ROSSELLIND,,-1,1,,NSE,1
29464,NEXT30ADD-EQ,NEXT30ADD,,-1,1,,NSE,1
29527,GROWWRAIL-EQ,GROWWRAIL,,-1,1,,NSE,1
2969,SAKHTISUG-EQ,SAKHTISUG,,-1,1,,NSE,1
29711,QPOWER-EQ,QPOWER,,-1,1,,NSE,5
30392,NIF100IETF-EQ,NIF100IETF,,-1,1,,NSE,1
3063,VEDL-EQ,VEDL,,-1,1,,NSE,5
30835,PILITA-EQ,PILITA,,-1,1,,NSE,1
3138,HONDAPOWER-EQ,HONDAPOWER,,-1,1,,NSE,10
3375,SURYAROSNI-EQ,SURYAROSNI,,-1,1,,NSE,5
3384,SWARAJENG-EQ,SWARAJENG,,-1,1,,NSE,10
3507,MAFANG-EQ,MAFANG,,-1,1,,NSE,1
3626,HEALTHIETF-EQ,HEALTHIETF,,-1,1,,NSE,1
3637,JUBLPHARMA-EQ,JUBLPHARMA,,-1,1,,NSE,10
3676,VESUVIUS-EQ,VESUVIUS,,-1,1,,NSE,5
3718,VOLTAS-EQ,VOLTAS,,-1,1,,NSE,10
380,BBTC-EQ,BBTC,,-1,1,,NSE,10
381,SINTERCOM-EQ,SINTERCOM,,-1,1,,NSE,1
3724,VSTIND-EQ,VSTIND,,-1,1,,NSE,5
3744,FINEORG-EQ,FINEORG,,-1,1,,NSE,10
3912,KHAITANLTD-EQ,KHAITANLTD,,-1,1,,NSE,1
4,21STCENMGM-EQ,21STCENMGM,,-1,1,,NSE,1
4055,PANACEABIO-EQ,PANACEABIO,,-1,1,,NSE,5
4067,MARICO-EQ,MARICO,,-1,1,,NSE,5
4127,SAMBHAAV-EQ,SAMBHAAV,,-1,1,,NSE,1
4487,ALKYLAMINE-EQ,ALKYLAMINE,,-1,1,,NSE,10
474,3MINDIA-EQ,3MINDIA,,-1,1,,NSE,500
4745,BANKINDIA-EQ,BANKINDIA,,-1,1,,NSE,1
4992,SHARDACROP-EQ,SHARDACROP,,-1,1,,NSE,5
513,BOMDYEING-EQ,BOMDYEING,,-1,1,,NSE,1
5168,SBIETFCON-EQ,SBIETFCON,,-1,1,,NSE,1
5194,ANTGRAPHIC-EQ,ANTGRAPHIC,,-1,1,,NSE,1
547,BRITANNIA-EQ,BRITANNIA,,-1,1,,NSE,50
5501,YUKEN-EQ,YUKEN,,-1,1,,NSE,10
5650,SHANTI-EQ,SHANTI,,-1,1,,NSE,1
5851,BANKNIFTY1-EQ,BANKNIFTY1,,-1,1,,NSE,1
5865,LAGNAM-EQ,LAGNAM,,-1,1,,NSE,1
592,GRAPHITE-EQ,GRAPHITE,,-1,1,,NSE,5
5900,AXISBANK-EQ,AXISBANK,,-1,1,,NSE,10
6286,GULPOLY-EQ,GULPOLY,,-1,1,,NSE,1
6407,LAMBODHARA-EQ,LAMBODHARA,,-1,1,,NSE,1
6600,GENUSPAPER-EQ,GENUSPAPER,,-1,1,,NSE,1
6643,SJS-EQ,SJS,,-1,1,,NSE,10
6973,DMCC-EQ,DMCC,,-1,1,,NSE,5
714,SHALBY-EQ,SHALBY,,-1,1,,NSE,1
7048,HESTERBIO-EQ,HESTERBIO,,-1,1,,NSE,10
7242,METROBRAND-EQ,METROBRAND,,-1,1,,NSE,10
7422,MONQ50-EQ,MONQ50,,-1,1,,NSE,1
757096,AONENIFTY-EQ,AONENIFTY,,-1,1,,NSE,1
757142,EQUAL50-EQ,EQUAL50,,-1,1,,NSE,1
757520,BLUSPRING-EQ,BLUSPRING,,-1,1,,NSE,1
757725,LIQGRWBEES-EQ,LIQGRWBEES,,-1,1,,NSE,1
757794,BRIGHOTEL-EQ,BRIGHOTEL,,-1,1,,NSE,1
24409,DHANUKA-EQ,DHANUKA,,-1,1,,NSE,10
24445,AGIIL-EQ,AGIIL,,-1,1,,NSE,10
24461,EVINDIA-EQ,EVINDIA,,-1,1,,NSE,1
24524,SBINEQWETF-EQ,SBINEQWETF,,-1,1,,NSE,1
24532,FILATEX-EQ,FILATEX,,-1,1,,NSE,1
24735,RPEL-EQ,RPEL,,-1,1,,NSE,5
24781,BSLNIFTY-EQ,BSLNIFTY,,-1,1,,NSE,1
24870,INVENTURE-EQ,INVENTURE,,-1,1,,NSE,1
2493,ORIENTHOT-EQ,ORIENTHOT,,-1,1,,NSE,1
24969,WINDMACHIN-EQ,WINDMACHIN,,-1,1,,NSE,5
25312,PNGJL-EQ,PNGJL,,-1,1,,NSE,5
25724,RUPA-EQ,RUPA,,-1,1,,NSE,1
25786,KANANIIND-EQ,KANANIIND,,-1,1,,NSE,1
25855,AFFORDABLE-EQ,AFFORDABLE,,-1,1,,NSE,5
25892,DBEIL-EQ,DBEIL,,-1,1,,NSE,1
25941,GODAVARIB-EQ,GODAVARIB,,-1,1,,NSE,1
2616,SEAMECLTD-EQ,SEAMECLTD,,-1,1,,NSE,5
2614,HERANBA-EQ,HERANBA,,-1,1,,NSE,5
2636,DIVOPPBEES-EQ,DIVOPPBEES,,-1,1,,NSE,1
2649,PCBL-EQ,PCBL,,-1,1,,NSE,5
2687,POLYPLEX-EQ,POLYPLEX,,-1,1,,NSE,10
27020,ABINFRA-EQ,ABINFRA,,-1,1,,NSE,1
27213,EIEL-EQ,EIEL,,-1,1,,NSE,1
27353,ROSSTECH-EQ,ROSSTECH,,-1,1,,NSE,5
2809,RAJSREESUG-EQ,RAJSREESUG,,-1,1,,NSE,1
2816,RALLIS-EQ,RALLIS,,-1,1,,NSE,5
2866,RCF-EQ,RCF,,-1,1,,NSE,1
2868,HITECH-EQ,HITECH,,-1,1,,NSE,1
28906,MAYURUNIQ-EQ,MAYURUNIQ,,-1,1,,NSE,5
28960,UNIMECH-EQ,UNIMECH,,-1,1,,NSE,10
2909,RICOAUTO-EQ,RICOAUTO,,-1,1,,NSE,1
29050,ZUARI-EQ,ZUARI,,-1,1,,NSE,5
29075,SGLTL-EQ,SGLTL,,-1,1,,NSE,1
29135,INDUSTOWER-EQ,INDUSTOWER,,-1,1,,NSE,5
29204,STALLION-EQ,STALLION,,-1,1,,NSE,1
29439,SUPREME-EQ,SUPREME,,-1,1,,NSE,1
29472,PROTEAN-EQ,PROTEAN,,-1,1,,NSE,5
29666,HEXT-EQ,HEXT,,-1,1,,NSE,5
29758,MSCIINDIA-EQ,MSCIINDIA,,-1,1,,NSE,1
2997,SANGHIIND-EQ,SANGHIIND,,-1,1,,NSE,1
3009,KOHINOOR-EQ,KOHINOOR,,-1,1,,NSE,1
30155,AXISVALUE-EQ,AXISVALUE,,-1,1,,NSE,1
3018,SAURASHCEM-EQ,SAURASHCEM,,-1,1,,NSE,1
30323,ESSENTIA-EQ,ESSENTIA,,-1,1,,NSE,1
3045,SBIN-EQ,SBIN,,-1,1,,NSE,5
30455,SPECTRUM-EQ,SPECTRUM,,-1,1,,NSE,10
3126,SHREYANIND-EQ,SHREYANIND,,-1,1,,NSE,1
31181,MCX-EQ,MCX,,-1,1,,NSE,50
31415,NBCC-EQ,NBCC,,-1,1,,NSE,1
3220,LODHA-EQ,LODHA,,-1,1,,NSE,10
3275,TEMBO-EQ,TEMBO,,-1,1,,NSE,5
3316,MODISONLTD-EQ,MODISONLTD,,-1,1,,NSE,1
3357,SUPERSPIN-EQ,SUPERSPIN,,-1,1,,NSE,1
347,BANARBEADS-EQ,BANARBEADS,,-1,1,,NSE,1
3387,SMLISUZU-EQ,SMLISUZU,,-1,1,,NSE,10
3411,TATAELXSI-EQ,TATAELXSI,,-1,1,,NSE,50
3607,UNIVCABLES-EQ,UNIVCABLES,,-1,1,,NSE,5
368,BASF-EQ,BASF,,-1,1,,NSE,10
3703,VIPIND-EQ,VIPIND,,-1,1,,NSE,5
3757,VENKEYS-EQ,VENKEYS,,-1,1,,NSE,10
3787,WIPRO-EQ,WIPRO,,-1,1,,NSE,1
3834,BHARATRAS-EQ,BHARATRAS,,-1,1,,NSE,100
3892,HATSUN-EQ,HATSUN,,-1,1,,NSE,5
40,AEGISLOG-EQ,AEGISLOG,,-1,1,,NSE,5
3963,GOCLCORP-EQ,GOCLCORP,,-1,1,,NSE,5
4344,PUNJABCHEM-EQ,PUNJABCHEM,,-1,1,,NSE,10
4594,KOTHARIPET-EQ,KOTHARIPET,,-1,1,,NSE,1
4684,SONACOMS-EQ,SONACOMS,,-1,1,,NSE,5
4747,INDNIPPON-EQ,INDNIPPON,,-1,1,,NSE,5
4749,CONCOR-EQ,CONCOR,,-1,1,,NSE,5
4822,DODLA-EQ,DODLA,,-1,1,,NSE,10
4953,ADROITINFO-EQ,ADROITINFO,,-1,1,,NSE,1
4973,PHARMABEES-EQ,PHARMABEES,,-1,1,,NSE,1
527,UTIAMC-EQ,UTIAMC,,-1,1,,NSE,10
5204,GMDCLTD-EQ,GMDCLTD,,-1,1,,NSE,5
5352,EXXARO-EQ,EXXARO,,-1,1,,NSE,1
5449,CHEMPLASTS-EQ,CHEMPLASTS,,-1,1,,NSE,5
5528,KOTHARIPRO-EQ,KOTHARIPRO,,-1,1,,NSE,1
5732,AXISCETF-EQ,AXISCETF,,-1,1,,NSE,1
5748,CYIENT-EQ,CYIENT,,-1,1,,NSE,10
6051,CYBERTECH-EQ,CYBERTECH,,-1,1,,NSE,1
6066,ATGL-EQ,ATGL,,-1,1,,NSE,5
619,CENTENKA-EQ,CENTENKA,,-1,1,,NSE,5
634,IGARASHI-EQ,IGARASHI,,-1,1,,NSE,5
6713,MOLDTKPAC-EQ,MOLDTKPAC,,-1,1,,NSE,5
694,CIPLA-EQ,CIPLA,,-1,1,,NSE,10
6964,GOCOLORS-EQ,GOCOLORS,,-1,1,,NSE,5
7030,ASIANENE-EQ,ASIANENE,,-1,1,,NSE,5
7339,ABSLNN50ET-EQ,ABSLNN50ET,,-1,1,,NSE,1
739,COROMANDEL-EQ,COROMANDEL,,-1,1,,NSE,10
755881,EVIETF-EQ,EVIETF,,-1,1,,NSE,1
756324,NPST-EQ,NPST,,-1,1,,NSE,10
757167,MONEXT50-EQ,MONEXT50,,-1,1,,NSE,1
757455,SNXT30BEES-EQ,SNXT30BEES,,-1,1,,NSE,1
757801,IGCL-EQ,IGCL,,-1,1,,NSE,1
757817,MOMIDMTM-EQ,MOMIDMTM,,-1,1,,NSE,1
757885,ANTHEM-EQ,ANTHEM,,-1,1,,NSE,5
757919,BORANA-EQ,BORANA,,-1,1,,NSE,1
2463,MIDHANI-EQ,MIDHANI,,-1,1,,NSE,5
24596,RELTD-EQ,RELTD,,-1,1,,NSE,1
24715,AKUMS-EQ,AKUMS,,-1,1,,NSE,5
24742,CEIGALL-EQ,CEIGALL,,-1,1,,NSE,1
24847,GSEC10ABSL-EQ,GSEC10ABSL,,-1,1,,NSE,1
24948,LTF-EQ,LTF,,-1,1,,NSE,1
25060,ECOSMOBLTY-EQ,ECOSMOBLTY,,-1,1,,NSE,5
25088,ASAHISONG-EQ,ASAHISONG,,-1,1,,NSE,5
2513,BCLIND-EQ,BCLIND,,-1,1,,NSE,1
25136,BROOKS-EQ,BROOKS,,-1,1,,NSE,1
25157,RVTH-EQ,RVTH,,-1,1,,NSE,5
25403,WCIL-EQ,WCIL,,-1,1,,NSE,1
25626,UYFINCORP-EQ,UYFINCORP,,-1,1,,NSE,1
25634,ESSARSHPNG-EQ,ESSARSHPNG,,-1,1,,NSE,1
25807,LLOYDSENT-EQ,LLOYDSENT,,-1,1,,NSE,1
25835,VINCOFE-EQ,VINCOFE,,-1,1,,NSE,1
25907,WAAREEENER-EQ,WAAREEENER,,-1,1,,NSE,10
25977,AFCONS-EQ,AFCONS,,-1,1,,NSE,5
26000,NIFTY,NIFTY,,-1,1,,NSE,0
270,CHEMCON-EQ,CHEMCON,,-1,1,,NSE,1
27107,SPECIALITY-EQ,SPECIALITY,,-1,1,,NSE,1
275,AUROPHARMA-EQ,AUROPHARMA,,-1,1,,NSE,10
278,AUTOAXLES-EQ,AUTOAXLES,,-1,1,,NSE,10
2783,JUBLINGREA-EQ,JUBLINGREA,,-1,1,,NSE,5
2799,CHEMFAB-EQ,CHEMFAB,,-1,1,,NSE,5
2814,ARVEE-EQ,ARVEE,,-1,1,,NSE,1
2912,RIIL-EQ,RIIL,,-1,1,,NSE,5
2987,NAZARA-EQ,NAZARA,,-1,1,,NSE,10
29877,VIVIDHA-EQ,VIVIDHA,,-1,1,,NSE,1
30089,ORIENTCEM-EQ,ORIENTCEM,,-1,1,,NSE,1
30121,EQUAL200-EQ,EQUAL200,,-1,1,,NSE,1
30244,BHARATSE-EQ,BHARATSE,,-1,1,,NSE,1
312,TIINDIA-EQ,TIINDIA,,-1,1,,NSE,10
31163,RHIM-EQ,RHIM,,-1,1,,NSE,5
31234,SCHNEIDER-EQ,SCHNEIDER,,-1,1,,NSE,5
3186,SKFINDIA-EQ,SKFINDIA,,-1,1,,NSE,10
3291,STARPAPER-EQ,STARPAPER,,-1,1,,NSE,1
3348,SUNFLAG-EQ,SUNFLAG,,-1,1,,NSE,5
3481,THOMASCOOK-EQ,THOMASCOOK,,-1,1,,NSE,1
3570,UCAL-EQ,UCAL,,-1,1,,NSE,1
3721,TATACOMM-EQ,TATACOMM,,-1,1,,NSE,10
3736,WALCHANNAG-EQ,WALCHANNAG,,-1,1,,NSE,1
3827,ZUARIIND-EQ,ZUARIIND,,-1,1,,NSE,5
3918,NATCOPHARM-EQ,NATCOPHARM,,-1,1,,NSE,5
3987,GREENPLY-EQ,GREENPLY,,-1,1,,NSE,5
4037,AUSOMENT-EQ,AUSOMENT,,-1,1,,NSE,1
422,BHARATFORG-EQ,BHARATFORG,,-1,1,,NSE,10
4130,REGENCERAM-EQ,REGENCERAM,,-1,1,,NSE,1
4391,GULFOILLUB-EQ,GULFOILLUB,,-1,1,,NSE,10
4394,MIRZAINT-EQ,MIRZAINT,,-1,1,,NSE,1
4410,JAGSNPHARM-EQ,JAGSNPHARM,,-1,1,,NSE,1
4491,JCHAC-EQ,JCHAC,,-1,1,,NSE,10
4525,DYNAMATECH-EQ,DYNAMATECH,,-1,1,,NSE,50
4548,GUJRAFFIA-EQ,GUJRAFFIA,,-1,1,,NSE,1
4843,SNOWMAN-EQ,SNOWMAN,,-1,1,,NSE,1
4920,HINDCON-EQ,HINDCON,,-1,1,,NSE,1
4934,IPL-EQ,IPL,,-1,1,,NSE,1
4986,IRCON-EQ,IRCON,,-1,1,,NSE,1
5068,SHEMAROO-EQ,SHEMAROO,,-1,1,,NSE,1
5143,JAICORPLTD-EQ,JAICORPLTD,,-1,1,,NSE,1
5186,STYLAMIND-EQ,STYLAMIND,,-1,1,,NSE,10
526,BPCL-EQ,BPCL,,-1,1,,NSE,5
5373,DEVYANI-EQ,DEVYANI,,-1,1,,NSE,1
5428,TRIGYN-EQ,TRIGYN,,-1,1,,NSE,1
5578,ACUTAAS-EQ,ACUTAAS,,-1,1,,NSE,10
6198,FCL-EQ,FCL,,-1,1,,NSE,1
6262,SELMC-EQ,SELMC,,-1,1,,NSE,1
6278,MEDICAMEQ-EQ,MEDICAMEQ,,-1,1,,NSE,5
637,CHAMBLFERT-EQ,CHAMBLFERT,,-1,1,,NSE,5
641,DNAMEDIA-EQ,DNAMEDIA,,-1,1,,NSE,1
6568,LAXMICOT-EQ,LAXMICOT,,-1,1,,NSE,1
6733,JINDALSTEL-EQ,JINDALSTEL,,-1,1,,NSE,5
6836,FOCUS-EQ,FOCUS,,-1,1,,NSE,1
6848,GREENLAM-EQ,GREENLAM,,-1,1,,NSE,1
6908,VISHNU-EQ,VISHNU,,-1,1,,NSE,5
6961,MENONBE-EQ,MENONBE,,-1,1,,NSE,1
7053,ACCELYA-EQ,ACCELYA,,-1,1,,NSE,10
7353,SETFNN50-EQ,SETFNN50,,-1,1,,NSE,1
7451,NIFTY50ADD-EQ,NIFTY50ADD,,-1,1,,NSE,1
756086,GROWWMOM50-EQ,GROWWMOM50,,-1,1,,NSE,1
756150,SILVER360-EQ,SILVER360,,-1,1,,NSE,1
756827,GROWWSLVR-EQ,GROWWSLVR,,-1,1,,NSE,1
756900,MON50EQUAL-EQ,MON50EQUAL,,-1,1,,NSE,1
756925,PRIMO-EQ,PRIMO,,-1,1,,NSE,1
757431,MOPSE-EQ,MOPSE,,-1,1,,NSE,1
757515,DIGITIDE-EQ,DIGITIDE,,-1,1,,NSE,1
757834,RMDRIP-EQ,RMDRIP,,-1,1,,NSE,5
757781,TOP15IETF-EQ,TOP15IETF,,-1,1,,NSE,1
757850,CRIZAC-EQ,CRIZAC,,-1,1,,NSE,5
2442,NOCIL-EQ,NOCIL,,-1,1,,NSE,1
24610,AVANTEL-EQ,AVANTEL,,-1,1,,NSE,1
24730,RUBFILA-EQ,RUBFILA,,-1,1,,NSE,1
2475,ONGC-EQ,ONGC,,-1,1,,NSE,1
24798,GROWWEV-EQ,GROWWEV,,-1,1,,NSE,1
24909,INTERARCH-EQ,INTERARCH,,-1,1,,NSE,10
25171,TOP10ADD-EQ,TOP10ADD,,-1,1,,NSE,1
25482,TIJARIA-EQ,TIJARIA,,-1,1,,NSE,1
25744,METAL-EQ,METAL,,-1,1,,NSE,1
25758,GROWWDEFNC-EQ,GROWWDEFNC,,-1,1,,NSE,1
2664,PIDILITIND-EQ,PIDILITIND,,-1,1,,NSE,10
27037,TBZ-EQ,TBZ,,-1,1,,NSE,1
27052,SAGILITY-EQ,SAGILITY,,-1,1,,NSE,1
27066,SWIGGY-EQ,SWIGGY,,-1,1,,NSE,5
27075,LIQUIDPLUS-EQ,LIQUIDPLUS,,-1,1,,NSE,1
27161,CINELINE-EQ,CINELINE,,-1,1,,NSE,1
2792,EASEMYTRIP-EQ,EASEMYTRIP,,-1,1,,NSE,1
28314,ANUHPHR-EQ,ANUHPHR,,-1,1,,NSE,1
28859,PROZONER-EQ,PROZONER,,-1,1,,NSE,1
28952,DUCON-EQ,DUCON,,-1,1,,NSE,1
29019,ECAPINSURE-EQ,ECAPINSURE,,-1,1,,NSE,1
29113,CARERATING-EQ,CARERATING,,-1,1,,NSE,10
29256,DENTA-EQ,DENTA,,-1,1,,NSE,5
2951,S&SPOWER-EQ,S&SPOWER,,-1,1,,NSE,5
29687,UNIONGOLD-EQ,UNIONGOLD,,-1,1,,NSE,5
2988,SANDESH-EQ,SANDESH,,-1,1,,NSE,10
3001,BSE500IETF-EQ,BSE500IETF,,-1,1,,NSE,1
30109,SELECTIPO-EQ,SELECTIPO,,-1,1,,NSE,1
3103,SHREECEM-EQ,SHREECEM,,-1,1,,NSE,500
3127,BARBEQUE-EQ,BARBEQUE,,-1,1,,NSE,5
3150,SIEMENS-EQ,SIEMENS,,-1,1,,NSE,10
31468,LYPSAGEMS-EQ,LYPSAGEMS,,-1,1,,NSE,1
317,BAJFINANCE-EQ,BAJFINANCE,,-1,1,,NSE,5
3363,SUPREMEIND-EQ,SUPREMEIND,,-1,1,,NSE,10
3389,AGARIND-EQ,AGARIND,,-1,1,,NSE,5
342,CAMS-EQ,CAMS,,-1,1,,NSE,10
3396,TAINWALCHM-EQ,TAINWALCHM,,-1,1,,NSE,1
3748,WEIZMANIND-EQ,WEIZMANIND,,-1,1,,NSE,1
3813,ARIHANTCAP-EQ,ARIHANTCAP,,-1,1,,NSE,1
383,BEL-EQ,BEL,,-1,1,,NSE,5
3880,SOMANYCERA-EQ,SOMANYCERA,,-1,1,,NSE,5
3906,CAPLIPOINT-EQ,CAPLIPOINT,,-1,1,,NSE,10
3980,TNPL-EQ,TNPL,,-1,1,,NSE,1
399,NIACL-EQ,NIACL,,-1,1,,NSE,1
404,BERGEPAINT-EQ,BERGEPAINT,,-1,1,,NSE,5
4007,CORALFINAC-EQ,CORALFINAC,,-1,1,,NSE,1
425,KHADIM-EQ,KHADIM,,-1,1,,NSE,1
4244,HDFCAMC-EQ,HDFCAMC,,-1,1,,NSE,50
4378,SENSEXIETF-EQ,SENSEXIETF,,-1,1,,NSE,1
4421,CREDITACC-EQ,CREDITACC,,-1,1,,NSE,10
4522,SIGIND-EQ,SIGIND,,-1,1,,NSE,1
4587,RAMCOIND-EQ,RAMCOIND,,-1,1,,NSE,5
48,HAPPSTMNDS-EQ,HAPPSTMNDS,,-1,1,,NSE,5
4775,DCMFINSERV-EQ,DCMFINSERV,,-1,1,,NSE,1
489,ICEMAKE-EQ,ICEMAKE,,-1,1,,NSE,5
4847,KIMS-EQ,KIMS,,-1,1,,NSE,5
4898,FDC-EQ,FDC,,-1,1,,NSE,5
4907,ENGINERSIN-EQ,ENGINERSIN,,-1,1,,NSE,1
4963,ICICIBANK-EQ,ICICIBANK,,-1,1,,NSE,10
5054,GRINFRA-EQ,GRINFRA,,-1,1,,NSE,10
509,MAZDOCK-EQ,MAZDOCK,,-1,1,,NSE,10
5220,BFSI-EQ,BFSI,,-1,1,,NSE,1
5292,PRITIKAUTO-EQ,PRITIKAUTO,,-1,1,,NSE,1
5407,CARTRADE-EQ,CARTRADE,,-1,1,,NSE,10
5622,CEMPRO-EQ,CEMPRO,,-1,1,,NSE,5
5926,INTELLECT-EQ,INTELLECT,,-1,1,,NSE,5
5938,MONTECARLO-EQ,MONTECARLO,,-1,1,,NSE,5
6164,BHAGCHEM-EQ,BHAGCHEM,,-1,1,,NSE,5
6216,CAMLINFINE-EQ,CAMLINFINE,,-1,1,,NSE,1
625,ABREL-EQ,ABREL,,-1,1,,NSE,10
6663,SIGACHI-EQ,SIGACHI,,-1,1,,NSE,1
6803,STEELCAS-EQ,STEELCAS,,-1,1,,NSE,1
685,CHOLAFIN-EQ,CHOLAFIN,,-1,1,,NSE,10
6863,BAJAJHCARE-EQ,BAJAJHCARE,,-1,1,,NSE,5
7361,SETFNIFBK-EQ,SETFNIFBK,,-1,1,,NSE,1
7413,MANAKCOAT-EQ,MANAKCOAT,,-1,1,,NSE,1
7518,TREJHARA-EQ,TREJHARA,,-1,1,,NSE,1
7553,NRBBEARING-EQ,NRBBEARING,,-1,1,,NSE,5
756802,OSWALPUMPS-EQ,OSWALPUMPS,,-1,1,,NSE,5
757014,THELEELA-EQ,THELEELA,,-1,1,,NSE,5
757336,AEGISVOPAK-EQ,AEGISVOPAK,,-1,1,,NSE,1
757862,EBGNG-EQ,EBGNG,,-1,1,,NSE,5
758697,GROWWNIFTY-EQ,GROWWNIFTY,,-1,1,,NSE,1
758858,CPPLUS-EQ,CPPLUS,,-1,1,,NSE,10
7603,CMSINFO-EQ,CMSINFO,,-1,1,,NSE,5
758955,SML100CASE-EQ,SML100CASE,,-1,1,,NSE,1
778,KEEPLEARN-EQ,KEEPLEARN,,-1,1,,NSE,1
7919,BYKE-EQ,BYKE,,-1,1,,NSE,1
7929,ZYDUSLIFE-EQ,ZYDUSLIFE,,-1,1,,NSE,5
8110,AWL-EQ,AWL,,-1,1,,NSE,5
8159,FIBERWEB-EQ,FIBERWEB,,-1,1,,NSE,1
8167,MANYAVAR-EQ,MANYAVAR,,-1,1,,NSE,5
822,BANKA-EQ,BANKA,,-1,1,,NSE,1
8833,BCG-EQ,BCG,,-1,1,,NSE,1
8866,CHOICEIN-EQ,CHOICEIN,,-1,1,,NSE,5
8962,HARDWYN-EQ,HARDWYN,,-1,1,,NSE,1
9014,ANUP-EQ,ANUP,,-1,1,,NSE,10
9219,TPLPLASTEH-EQ,TPLPLASTEH,,-1,1,,NSE,1
9305,STARTECK-EQ,STARTECK,,-1,1,,NSE,5
9348,IOB-EQ,IOB,,-1,1,,NSE,1
936,DPABHUSHAN-EQ,DPABHUSHAN,,-1,1,,NSE,10
9436,AXISCADES-EQ,AXISCADES,,-1,1,,NSE,10
9641,KHANDSE-EQ,KHANDSE,,-1,1,,NSE,1
9685,TRIDENT-EQ,TRIDENT,,-1,1,,NSE,1
9741,PARADEEP-EQ,PARADEEP,,-1,1,,NSE,1
9917,NEOGEN-EQ,NEOGEN,,-1,1,,NSE,10
758165,GROWWPOWER-EQ,GROWWPOWER,,-1,1,,NSE,1
758572,GLOBECIVIL-EQ,GLOBECIVIL,,-1,1,,NSE,1
759084,URBANCO-EQ,URBANCO,,-1,1,,NSE,1
759093,SHRINGARMS-EQ,SHRINGARMS,,-1,1,,NSE,1
7848,BIL-EQ,BIL,,-1,1,,NSE,5
7880,AUTOBEES-EQ,AUTOBEES,,-1,1,,NSE,1
804,SHIVATEX-EQ,SHIVATEX,,-1,1,,NSE,1
805,DCM-EQ,DCM,,-1,1,,NSE,1
809,BSHSL-EQ,BSHSL,,-1,1,,NSE,1
8424,VIPULLTD-EQ,VIPULLTD,,-1,1,,NSE,1
8477,XELPMOC-EQ,XELPMOC,,-1,1,,NSE,1
8591,AKSHOPTFBR-EQ,AKSHOPTFBR,,-1,1,,NSE,1
8596,MSUMI-EQ,MSUMI,,-1,1,,NSE,1
8696,VRLLOG-EQ,VRLLOG,,-1,1,,NSE,5
874,ASTRON-EQ,ASTRON,,-1,1,,NSE,1
8727,SHAILY-EQ,SHAILY,,-1,1,,NSE,10
8827,AVROIND-EQ,AVROIND,,-1,1,,NSE,1
8828,GAEL-EQ,GAEL,,-1,1,,NSE,1
9158,BALAJITELE-EQ,BALAJITELE,,-1,1,,NSE,1
9288,KRITIKA-EQ,KRITIKA,,-1,1,,NSE,1
9354,TAJGVK-EQ,TAJGVK,,-1,1,,NSE,5
967,SUBEXLTD-EQ,SUBEXLTD,,-1,1,,NSE,1
9750,ETHOSLTD-EQ,ETHOSLTD,,-1,1,,NSE,10
9847,NV20BEES-EQ,NV20BEES,,-1,1,,NSE,1
758002,SHANTIGOLD-EQ,SHANTIGOLD,,-1,1,,NSE,1
758300,GROWWLOVOL-EQ,GROWWLOVOL,,-1,1,,NSE,1
758981,RNBDENIMS-EQ,RNBDENIMS,,-1,1,,NSE,1
758986,GCSL-EQ,GCSL,,-1,1,,NSE,5
759439,PATELRMART-EQ,PATELRMART,,-1,1,,NSE,5
7902,LFIC-EQ,LFIC,,-1,1,,NSE,1
8054,KTKBANK-EQ,KTKBANK,,-1,1,,NSE,1
8124,AJANTPHARM-EQ,AJANTPHARM,,-1,1,,NSE,10
8132,BLBLIMITED-EQ,BLBLIMITED,,-1,1,,NSE,1
8182,MOMOMENTUM-EQ,MOMOMENTUM,,-1,1,,NSE,1
8304,PRITI-EQ,PRITI,,-1,1,,NSE,1
8469,MITCON-EQ,MITCON,,-1,1,,NSE,1
8585,NLCINDIA-EQ,NLCINDIA,,-1,1,,NSE,1
8825,PRIVISCL-EQ,PRIVISCL,,-1,1,,NSE,10
910,EICHERMOT-EQ,EICHERMOT,,-1,1,,NSE,50
8954,TTML-EQ,TTML,,-1,1,,NSE,1
8998,UMIYA-MRO-EQ,UMIYA-MRO,,-1,1,,NSE,1
926,ORCHPHARMA-EQ,ORCHPHARMA,,-1,1,,NSE,5
9260,ARROWGREEN-EQ,ARROWGREEN,,-1,1,,NSE,5
928,ELECTCAST-EQ,ELECTCAST,,-1,1,,NSE,1
9422,SILVERTUC-EQ,SILVERTUC,,-1,1,,NSE,5
9553,PRUDENT-EQ,PRUDENT,,-1,1,,NSE,10
9668,HIKAL-EQ,HIKAL,,-1,1,,NSE,5
9862,WEWIN-EQ,WEWIN,,-1,1,,NSE,1
758150,MBEL-EQ,MBEL,,-1,1,,NSE,5
758680,REGAAL-EQ,REGAAL,,-1,1,,NSE,1
758853,SGFIN-EQ,SGFIN,,-1,1,,NSE,5
758968,AHCL-EQ,AHCL,,-1,1,,NSE,1
758973,VIKRAN-EQ,VIKRAN,,-1,1,,NSE,1
7835,WEL-EQ,WEL,,-1,1,,NSE,1
7844,AUTOIETF-EQ,AUTOIETF,,-1,1,,NSE,1
8003,SILVER-EQ,SILVER,,-1,1,,NSE,1
8077,MIDCAP-EQ,MIDCAP,,-1,1,,NSE,1
8146,DEVIT-EQ,DEVIT,,-1,1,,NSE,1
8652,VETO-EQ,VETO,,-1,1,,NSE,1
8657,DIL-EQ,DIL,,-1,1,,NSE,1
881,DRREDDY-EQ,DRREDDY,,-1,1,,NSE,10
896,KHAICHEM-EQ,KHAICHEM,,-1,1,,NSE,1
8937,E2E-EQ,E2E,,-1,1,,NSE,10
9039,UFO-EQ,UFO,,-1,1,,NSE,1
916,EIDPARRY-EQ,EIDPARRY,,-1,1,,NSE,10
937,ELGIEQUIP-EQ,ELGIEQUIP,,-1,1,,NSE,5
9408,RAINBOW-EQ,RAINBOW,,-1,1,,NSE,10
9617,SPLPETRO-EQ,SPLPETRO,,-1,1,,NSE,5
9652,RELCHEMQ-EQ,RELCHEMQ,,-1,1,,NSE,1
9756,EMUDHRA-EQ,EMUDHRA,,-1,1,,NSE,5
993,EVERESTIND-EQ,EVERESTIND,,-1,1,,NSE,5
10343,RADHIKAJWE-EQ,RADHIKAJWE,,-1,1,,NSE,1
10578,MPSLTD-EQ,MPSLTD,,-1,1,,NSE,10
10637,OLECTRA-EQ,OLECTRA,,-1,1,,NSE,10
10661,PONNIERODE-EQ,PONNIERODE,,-1,1,,NSE,5
1085,GABRIEL-EQ,GABRIEL,,-1,1,,NSE,10
10761,SILVERADD-EQ,SILVERADD,,-1,1,,NSE,1
10865,GVPTECH-EQ,GVPTECH,,-1,1,,NSE,1
10999,MARUTI-EQ,MARUTI,,-1,1,,NSE,100
11006,LIQUIDBEES-EQ,LIQUIDBEES,,-1,1,,NSE,1
11039,DCMNVL-EQ,DCMNVL,,-1,1,,NSE,1
11050,SIRCA-EQ,SIRCA,,-1,1,,NSE,5
11233,SUVEN-EQ,SUVEN,,-1,1,,NSE,1
11373,BIOCON-EQ,BIOCON,,-1,1,,NSE,5
11386,PVTBANIETF-EQ,PVTBANIETF,,-1,1,,NSE,1
11394,ZOTA-EQ,ZOTA,,-1,1,,NSE,10
11423,DATAMATICS-EQ,DATAMATICS,,-1,1,,NSE,10
11435,SPANDANA-EQ,SPANDANA,,-1,1,,NSE,1
1156,GLFL-EQ,GLFL,,-1,1,,NSE,1
11538,HDFCMOMENT-EQ,HDFCMOMENT,,-1,1,,NSE,1
11566,DCI-EQ,DCI,,-1,1,,NSE,1
11593,HDFCSENSEX-EQ,HDFCSENSEX,,-1,1,,NSE,1
11596,LINCOLN-EQ,LINCOLN,,-1,1,,NSE,5
11626,WELENT-EQ,WELENT,,-1,1,,NSE,5
1168,GMBREW-EQ,GMBREW,,-1,1,,NSE,5
11804,SUKHJITS-EQ,SUKHJITS,,-1,1,,NSE,1
11809,IIFL-EQ,IIFL,,-1,1,,NSE,5
11864,PRIMESECU-EQ,PRIMESECU,,-1,1,,NSE,5
12188,INOXGREEN-EQ,INOXGREEN,,-1,1,,NSE,1
12603,PRECAM-EQ,PRECAM,,-1,1,,NSE,1
1267,GUJALKALI-EQ,GUJALKALI,,-1,1,,NSE,5
10074,EMAMIPAP-EQ,EMAMIPAP,,-1,1,,NSE,1
10159,ORICONENT-EQ,ORICONENT,,-1,1,,NSE,1
10417,DYCL-EQ,DYCL,,-1,1,,NSE,5
10579,MARKSANS-EQ,MARKSANS,,-1,1,,NSE,1
10633,HDFCNIF100-EQ,HDFCNIF100,,-1,1,,NSE,1
10990,RADICO-EQ,RADICO,,-1,1,,NSE,10
11072,AGRITECH-EQ,AGRITECH,,-1,1,,NSE,1
11149,SHRENIK-EQ,SHRENIK,,-1,1,,NSE,1
11193,AXISILVER-EQ,AXISILVER,,-1,1,,NSE,1
11260,HDFCVALUE-EQ,HDFCVALUE,,-1,1,,NSE,1
11262,IGL-EQ,IGL,,-1,1,,NSE,1
11275,TVTODAY-EQ,TVTODAY,,-1,1,,NSE,1
11297,SIL-EQ,SIL,,-1,1,,NSE,1
11439,BANKBEES-EQ,BANKBEES,,-1,1,,NSE,1
11441,LICNETFSEN-EQ,LICNETFSEN,,-1,1,,NSE,1
11511,CENTEXT-EQ,CENTEXT,,-1,1,,NSE,1
1153,GLAXO-EQ,GLAXO,,-1,1,,NSE,10
11627,NARMADA-EQ,NARMADA,,-1,1,,NSE,1
11796,HPIL-EQ,HPIL,,-1,1,,NSE,1
11852,SURYALAXMI-EQ,SURYALAXMI,,-1,1,,NSE,1
11971,GOLDIAM-EQ,GOLDIAM,,-1,1,,NSE,5
12022,AURIONPRO-EQ,AURIONPRO,,-1,1,,NSE,10
12384,ZIMLAB-EQ,ZIMLAB,,-1,1,,NSE,1
12490,VINNY-EQ,VINNY,,-1,1,,NSE,1
12686,MBAPL-EQ,MBAPL,,-1,1,,NSE,5
100,ARE&M-EQ,ARE&M,,-1,1,,NSE,5
1008,FACT-EQ,FACT,,-1,1,,NSE,5
10176,SETFNIF50-EQ,SETFNIF50,,-1,1,,NSE,1
10227,MANORAMA-EQ,MANORAMA,,-1,1,,NSE,10
10238,CONFIPET-EQ,CONFIPET,,-1,1,,NSE,1
104,SHAREINDIA-EQ,SHAREINDIA,,-1,1,,NSE,1
1041,FINPIPE-EQ,FINPIPE,,-1,1,,NSE,1
10415,MUTHOOTCAP-EQ,MUTHOOTCAP,,-1,1,,NSE,5
10447,UNITDSPR-EQ,UNITDSPR,,-1,1,,NSE,10
10485,RAMRAT-EQ,RAMRAT,,-1,1,,NSE,5
10530,SHARDAMOTR-EQ,SHARDAMOTR,,-1,1,,NSE,10
10700,SURANAT&P-EQ,SURANAT&P,,-1,1,,NSE,1
10876,HDFCSILVER-EQ,HDFCSILVER,,-1,1,,NSE,1
11045,SATIA-EQ,SATIA,,-1,1,,NSE,1
11082,LIBAS-EQ,LIBAS,,-1,1,,NSE,1
1127,GHCL-EQ,GHCL,,-1,1,,NSE,5
11184,IDFCFIRSTB-EQ,IDFCFIRSTB,,-1,1,,NSE,1
1129,GTECJAINX-EQ,GTECJAINX,,-1,1,,NSE,1
11411,RKFORGE-EQ,RKFORGE,,-1,1,,NSE,5
11427,NDTV-EQ,NDTV,,-1,1,,NSE,1
11457,NV20-EQ,NV20,,-1,1,,NSE,1
11522,NIITLTD-EQ,NIITLTD,,-1,1,,NSE,1
11530,EMIL-EQ,EMIL,,-1,1,,NSE,1
11532,ULTRACEMCO-EQ,ULTRACEMCO,,-1,1,,NSE,100
11580,WESTLIFE-EQ,WESTLIFE,,-1,1,,NSE,5
1162,GTL-EQ,GTL,,-1,1,,NSE,1
11618,ASTRAMICRO-EQ,ASTRAMICRO,,-1,1,,NSE,10
11655,JBMA-EQ,JBMA,,-1,1,,NSE,5
1174,GNFC-EQ,GNFC,,-1,1,,NSE,5
11743,JINDALPHOT-EQ,JINDALPHOT,,-1,1,,NSE,10
1181,GODFRYPHLP-EQ,GODFRYPHLP,,-1,1,,NSE,100
11782,EVEREADY-EQ,EVEREADY,,-1,1,,NSE,5
1186,GLAND-EQ,GLAND,,-1,1,,NSE,10
11856,SHAHALLOYS-EQ,SHAHALLOYS,,-1,1,,NSE,1
11884,MANINDS-EQ,MANINDS,,-1,1,,NSE,5
11895,DCXINDIA-EQ,DCXINDIA,,-1,1,,NSE,5
11905,GENUSPOWER-EQ,GENUSPOWER,,-1,1,,NSE,5
11915,YESBANK-EQ,YESBANK,,-1,1,,NSE,1
11919,MSPL-EQ,MSPL,,-1,1,,NSE,1
1196,KANSAINER-EQ,KANSAINER,,-1,1,,NSE,1
11932,FUSION-EQ,FUSION,,-1,1,,NSE,1
11966,BIKAJI-EQ,BIKAJI,,-1,1,,NSE,5
1200,ESG-EQ,ESG,,-1,1,,NSE,1
11992,SYNCOMF-EQ,SYNCOMF,,-1,1,,NSE,1
12009,IMPAL-EQ,IMPAL,,-1,1,,NSE,5
12015,AEROENTER-EQ,AEROENTER,,-1,1,,NSE,1
12024,ACI-EQ,ACI,,-1,1,,NSE,5
12219,RUSTOMJEE-EQ,RUSTOMJEE,,-1,1,,NSE,5
1235,GREAVESCOT-EQ,GREAVESCOT,,-1,1,,NSE,1
10457,ARVSMART-EQ,ARVSMART,,-1,1,,NSE,5
10473,POWERMECH-EQ,POWERMECH,,-1,1,,NSE,10
10576,NIFTYBEES-EQ,NIFTYBEES,,-1,1,,NSE,1
10619,HDFCNEXT50-EQ,HDFCNEXT50,,-1,1,,NSE,1
1076,ZENSARTECH-EQ,ZENSARTECH,,-1,1,,NSE,5
10755,APTECHT-EQ,APTECHT,,-1,1,,NSE,1
11027,INFOBEAN-EQ,INFOBEAN,,-1,1,,NSE,5
11223,UCOBANK-EQ,UCOBANK,,-1,1,,NSE,1
11236,JSL-EQ,JSL,,-1,1,,NSE,5
11293,UNIENTER-EQ,UNIENTER,,-1,1,,NSE,1
11319,LICNETFN50-EQ,LICNETFN50,,-1,1,,NSE,1
11325,MUKANDLTD-EQ,MUKANDLTD,,-1,1,,NSE,1
11369,TTKHLTCARE-EQ,TTKHLTCARE,,-1,1,,NSE,10
11452,CCL-EQ,CCL,,-1,1,,NSE,5
11543,COFORGE-EQ,COFORGE,,-1,1,,NSE,10
11582,TRACXN-EQ,TRACXN,,-1,1,,NSE,1
11573,FORCEMOT-EQ,FORCEMOT,,-1,1,,NSE,100
10285,AYMSYNTEX-EQ,AYMSYNTEX,,-1,1,,NSE,1
10277,NGLFINE-EQ,NGLFINE,,-1,1,,NSE,10
10297,PPL-EQ,PPL,,-1,1,,NSE,5
10406,STEELCITY-EQ,STEELCITY,,-1,1,,NSE,1
10407,KSHITIJPOL-EQ,KSHITIJPOL,,-1,1,,NSE,1
10440,LUPIN-EQ,LUPIN,,-1,1,,NSE,10
10511,UTINIFTETF-EQ,UTINIFTETF,,-1,1,,NSE,1
10599,GUJGASLTD-EQ,GUJGASLTD,,-1,1,,NSE,5
10676,MNC-EQ,MNC,,-1,1,,NSE,1
10723,INFRAIETF-EQ,INFRAIETF,,-1,1,,NSE,1
10794,CANBK-EQ,CANBK,,-1,1,,NSE,1
10871,GRMOVER-EQ,GRMOVER,,-1,1,,NSE,5
11677,INDOCO-EQ,INDOCO,,-1,1,,NSE,5
11794,SAKSOFT-EQ,SAKSOFT,,-1,1,,NSE,1
11840,NH-EQ,NH,,-1,1,,NSE,10
11868,63MOONS-EQ,63MOONS,,-1,1,,NSE,5
11872,GRANULES-EQ,GRANULES,,-1,1,,NSE,5
11975,RML-EQ,RML,,-1,1,,NSE,5
11983,SASKEN-EQ,SASKEN,,-1,1,,NSE,10
11987,ICIL-EQ,ICIL,,-1,1,,NSE,1
12153,BBTCL-EQ,BBTCL,,-1,1,,NSE,1
1232,GRASIM-EQ,GRASIM,,-1,1,,NSE,10
12489,SWSOLAR-EQ,SWSOLAR,,-1,1,,NSE,5
1250,CASTROLIND-EQ,CASTROLIND,,-1,1,,NSE,1
11058,SECURKLOUD-EQ,SECURKLOUD,,-1,1,,NSE,1
1100,GARFIBRES-EQ,GARFIBRES,,-1,1,,NSE,5
11162,HARSHA-EQ,HARSHA,,-1,1,,NSE,5
11239,NSIL-EQ,NSIL,,-1,1,,NSE,50
11271,DREDGECORP-EQ,DREDGECORP,,-1,1,,NSE,5
11364,VAIBHAVGBL-EQ,VAIBHAVGBL,,-1,1,,NSE,1
11432,KRITINUT-EQ,KRITINUT,,-1,1,,NSE,1
11496,AMBICAAGAR-EQ,AMBICAAGAR,,-1,1,,NSE,1
11547,HDFCLOWVOL-EQ,HDFCLOWVOL,,-1,1,,NSE,1
11654,LALPATHLAB-EQ,LALPATHLAB,,-1,1,,NSE,10
11723,JSWSTEEL-EQ,JSWSTEEL,,-1,1,,NSE,10
11778,GOKEX-EQ,GOKEX,,-1,1,,NSE,5
1185,AMBER-EQ,AMBER,,-1,1,,NSE,50
11909,SWELECTES-EQ,SWELECTES,,-1,1,,NSE,5
11935,SPLIL-EQ,SPLIL,,-1,1,,NSE,1
12026,RENUKA-EQ,RENUKA,,-1,1,,NSE,1
1270,AMBUJACEM-EQ,AMBUJACEM,,-1,1,,NSE,5
12848,N1NSETEST-EQ,N1NSETEST,,-1,1,,NSE,5
1328,MARINE-EQ,MARINE,,-1,1,,NSE,1
13400,BHAGERIA-EQ,BHAGERIA,,-1,1,,NSE,1
13451,RATNAMANI-EQ,RATNAMANI,,-1,1,,NSE,10
13528,GMRAIRPORT-EQ,GMRAIRPORT,,-1,1,,NSE,1
13611,IRCTC-EQ,IRCTC,,-1,1,,NSE,5
13625,BILVYAPAR-EQ,BILVYAPAR,,-1,1,,NSE,1
13656,ALICON-EQ,ALICON,,-1,1,,NSE,5
1372,HINDCOMPOS-EQ,HINDCOMPOS,,-1,1,,NSE,5
13776,GESHIP-EQ,GESHIP,,-1,1,,NSE,5
13786,TORNTPOWER-EQ,TORNTPOWER,,-1,1,,NSE,10
13875,JINDRILL-EQ,JINDRILL,,-1,1,,NSE,5
13950,LIQUID1-EQ,LIQUID1,,-1,1,,NSE,1
14194,NINSYS-EQ,NINSYS,,-1,1,,NSE,5
14233,HDFCSML250-EQ,HDFCSML250,,-1,1,,NSE,1
14329,SMSPHARMA-EQ,SMSPHARMA,,-1,1,,NSE,1
14435,JKTYRE-EQ,JKTYRE,,-1,1,,NSE,5
14440,NAHARSPING-EQ,NAHARSPING,,-1,1,,NSE,1
14450,EMBDL-EQ,EMBDL,,-1,1,,NSE,1
14511,BANSWRAS-EQ,BANSWRAS,,-1,1,,NSE,1
14518,ABSLLIQUID-EQ,ABSLLIQUID,,-1,1,,NSE,1
14584,PSUBNKIETF-EQ,PSUBNKIETF,,-1,1,,NSE,1
14657,INSECTICID-EQ,INSECTICID,,-1,1,,NSE,5
14707,TIMETECHNO-EQ,TIMETECHNO,,-1,1,,NSE,5
14747,011NSETEST-EQ,011NSETEST,,-1,1,,NSE,5
14761,NELCAST-EQ,NELCAST,,-1,1,,NSE,1
14762,061NSETEST-EQ,061NSETEST,,-1,1,,NSE,5
14764,071NSETEST-EQ,071NSETEST,,-1,1,,NSE,5
14769,091NSETEST-EQ,091NSETEST,,-1,1,,NSE,5
14771,TARMAT-EQ,TARMAT,,-1,1,,NSE,1
14848,ALPA-EQ,ALPA,,-1,1,,NSE,1
14900,SAHYADRI-EQ,SAHYADRI,,-1,1,,NSE,1
14938,GSEC10YEAR-EQ,GSEC10YEAR,,-1,1,,NSE,1
14972,KSCL-EQ,KSCL,,-1,1,,NSE,10
1507,MOGSEC-EQ,MOGSEC,,-1,1,,NSE,1
15034,BAJAJELEC-EQ,BAJAJELEC,,-1,1,,NSE,5
15058,AVALON-EQ,AVALON,,-1,1,,NSE,5
15151,MADHAV-EQ,MADHAV,,-1,1,,NSE,1
15179,ECLERX-EQ,ECLERX,,-1,1,,NSE,10
15184,BRIGADE-EQ,BRIGADE,,-1,1,,NSE,5
1521,INDIAGLYCO-EQ,INDIAGLYCO,,-1,1,,NSE,5
15219,PATINTLOG-EQ,PATINTLOG,,-1,1,,NSE,1
15266,JKIL-EQ,JKIL,,-1,1,,NSE,5
1530,INDIANHUME-EQ,INDIANHUME,,-1,1,,NSE,5
15308,SEPC-EQ,SEPC,,-1,1,,NSE,1
15332,NMDC-EQ,NMDC,,-1,1,,NSE,1
15347,GSS-EQ,GSS,,-1,1,,NSE,1
154,APCOTEXIND-EQ,APCOTEXIND,,-1,1,,NSE,5
15380,MANKIND-EQ,MANKIND,,-1,1,,NSE,10
15409,NESCO-EQ,NESCO,,-1,1,,NSE,10
1576,GILLETTE-EQ,GILLETTE,,-1,1,,NSE,100
15840,LATTEYS-EQ,LATTEYS,,-1,1,,NSE,1
1627,LINDEINDIA-EQ,LINDEINDIA,,-1,1,,NSE,50
1628,BECTORFOOD-EQ,BECTORFOOD,,-1,1,,NSE,10
16292,PANACHE-EQ,PANACHE,,-1,1,,NSE,1
16675,BAJAJFINSV-EQ,BAJAJFINSV,,-1,1,,NSE,10
16827,KOKUYOCMLN-EQ,KOKUYOCMLN,,-1,1,,NSE,1
17130,PARAGMILK-EQ,PARAGMILK,,-1,1,,NSE,1
17181,NEXT50-EQ,NEXT50,,-1,1,,NSE,1
17207,ITETFADD-EQ,ITETFADD,,-1,1,,NSE,1
17295,NAGAFERT-EQ,NAGAFERT,,-1,1,,NSE,1
17313,LLOYDSME-EQ,LLOYDSME,,-1,1,,NSE,10
17357,GKWLIMITED-EQ,GKWLIMITED,,-1,1,,NSE,10
17395,SETF10GILT-EQ,SETF10GILT,,-1,1,,NSE,1
17433,NETWEB-EQ,NETWEB,,-1,1,,NSE,10
17477,CONTROLPR-EQ,CONTROLPR,,-1,1,,NSE,5
17507,INCREDIBLE-EQ,INCREDIBLE,,-1,1,,NSE,1
17541,DAMODARIND-EQ,DAMODARIND,,-1,1,,NSE,1
1782,KANPRPLA-EQ,KANPRPLA,,-1,1,,NSE,1
17700,LTGILTBEES-EQ,LTGILTBEES,,-1,1,,NSE,1
17728,ASTEC-EQ,ASTEC,,-1,1,,NSE,5
17859,REDTAPE-EQ,REDTAPE,,-1,1,,NSE,1
17869,JSWENERGY-EQ,JSWENERGY,,-1,1,,NSE,5
17945,COHANCE-EQ,COHANCE,,-1,1,,NSE,5
18039,ADVENZYMES-EQ,ADVENZYMES,,-1,1,,NSE,5
18096,JUBLFOOD-EQ,JUBLFOOD,,-1,1,,NSE,5
18102,NIFTY1-EQ,NIFTY1,,-1,1,,NSE,1
18110,VASCONEQ-EQ,VASCONEQ,,-1,1,,NSE,1
1838,KARURVYSYA-EQ,KARURVYSYA,,-1,1,,NSE,1
12749,DJML-EQ,DJML,,-1,1,,NSE,1
18365,PERSISTENT-EQ,PERSISTENT,,-1,1,,NSE,50
12809,HYBRIDFIN-EQ,HYBRIDFIN,,-1,1,,NSE,1
12863,V1NSETEST-EQ,V1NSETEST,,-1,1,,NSE,5
13,ABB-EQ,ABB,,-1,1,,NSE,10
13091,EKC-EQ,EKC,,-1,1,,NSE,1
13116,QUICKHEAL-EQ,QUICKHEAL,,-1,1,,NSE,5
13139,EBBETF0433-EQ,EBBETF0433,,-1,1,,NSE,1
13251,SAKUMA-EQ,SAKUMA,,-1,1,,NSE,1
1327,HCL-INSYS-EQ,HCL-INSYS,,-1,1,,NSE,1
13409,GPIL-EQ,GPIL,,-1,1,,NSE,1
13491,JKLAKSHMI-EQ,JKLAKSHMI,,-1,1,,NSE,5
13517,EMAMILTD-EQ,EMAMILTD,,-1,1,,NSE,5
13637,JMFINANCIL-EQ,JMFINANCIL,,-1,1,,NSE,1
13671,MADHUCON-EQ,MADHUCON,,-1,1,,NSE,1
13740,SHYAMTEL-EQ,SHYAMTEL,,-1,1,,NSE,1
13745,GTLINFRA-EQ,GTLINFRA,,-1,1,,NSE,1
13753,MANOMAY-EQ,MANOMAY,,-1,1,,NSE,1
13756,SHIVAMAUTO-EQ,SHIVAMAUTO,,-1,1,,NSE,1
13761,BBL-EQ,BBL,,-1,1,,NSE,10
13816,LTFOODS-EQ,LTFOODS,,-1,1,,NSE,5
13925,NFL-EQ,NFL,,-1,1,,NSE,1
13951,PARACABLES-EQ,PARACABLES,,-1,1,,NSE,1
14139,SBGLP-EQ,SBGLP,,-1,1,,NSE,1
14198,TIMKEN-EQ,TIMKEN,,-1,1,,NSE,10
14304,FSL-EQ,FSL,,-1,1,,NSE,5
14403,RAJTV-EQ,RAJTV,,-1,1,,NSE,1
14490,NCLIND-EQ,NCLIND,,-1,1,,NSE,1
14745,ADVANIHOTR-EQ,ADVANIHOTR,,-1,1,,NSE,1
14777,121NSETEST-EQ,121NSETEST,,-1,1,,NSE,5
14813,ADSL-EQ,ADSL,,-1,1,,NSE,1
14828,WSI-EQ,WSI,,-1,1,,NSE,1
14838,DECCANCE-EQ,DECCANCE,,-1,1,,NSE,10
14924,LAL-EQ,LAL,,-1,1,,NSE,1
1494,RBA-EQ,RBA,,-1,1,,NSE,1
14942,NAGREEKCAP-EQ,NAGREEKCAP,,-1,1,,NSE,1
15032,PSUBNKBEES-EQ,PSUBNKBEES,,-1,1,,NSE,1
15061,PSUBANK-EQ,PSUBANK,,-1,1,,NSE,1
15124,KOLTEPATIL-EQ,KOLTEPATIL,,-1,1,,NSE,5
15157,RHL-EQ,RHL,,-1,1,,NSE,5
15229,LICNFNHGP-EQ,LICNFNHGP,,-1,1,,NSE,1
15239,BIRLAMONEY-EQ,BIRLAMONEY,,-1,1,,NSE,1
16123,BHARATWIRE-EQ,BHARATWIRE,,-1,1,,NSE,1
16249,INFIBEAM-EQ,INFIBEAM,,-1,1,,NSE,1
1672,HGINFRA-EQ,HGINFRA,,-1,1,,NSE,5
1675,ITI-EQ,ITI,,-1,1,,NSE,5
16795,ARCHIDPLY-EQ,ARCHIDPLY,,-1,1,,NSE,1
16915,ZFCVINDIA-EQ,ZFCVINDIA,,-1,1,,NSE,100
16933,INDBANK-EQ,INDBANK,,-1,1,,NSE,1
16943,ASHOKAMET-EQ,ASHOKAMET,,-1,1,,NSE,1
17053,HMAAGRO-EQ,HMAAGRO,,-1,1,,NSE,1
17094,CROMPTON-EQ,CROMPTON,,-1,1,,NSE,5
17140,IDEAFORGE-EQ,IDEAFORGE,,-1,1,,NSE,5
17400,NHPC-EQ,NHPC,,-1,1,,NSE,1
17547,AMRUTANJAN-EQ,AMRUTANJAN,,-1,1,,NSE,5
17702,MIDSELIETF-EQ,MIDSELIETF,,-1,1,,NSE,1
17758,SARDAEN-EQ,SARDAEN,,-1,1,,NSE,5
17808,QUAL30IETF-EQ,QUAL30IETF,,-1,1,,NSE,1
17839,GILLANDERS-EQ,GILLANDERS,,-1,1,,NSE,1
17851,DLINKINDIA-EQ,DLINKINDIA,,-1,1,,NSE,5
17903,ABBOTINDIA-EQ,ABBOTINDIA,,-1,1,,NSE,500
17933,BEARDSELL-EQ,BEARDSELL,,-1,1,,NSE,1
17987,TRF-EQ,TRF,,-1,1,,NSE,5
18139,DOLPHIN-EQ,DOLPHIN,,-1,1,,NSE,5
18151,TVSSCS-EQ,TVSSCS,,-1,1,,NSE,1
18214,TEXMOPIPES-EQ,TEXMOPIPES,,-1,1,,NSE,1
18226,MANINFRA-EQ,MANINFRA,,-1,1,,NSE,1
18292,IVZINGOLD-EQ,IVZINGOLD,,-1,1,,NSE,5
1826,KAMATHOTEL-EQ,KAMATHOTEL,,-1,1,,NSE,5
18250,PYRAMID-EQ,PYRAMID,,-1,1,,NSE,1
18562,MITTAL-EQ,MITTAL,,-1,1,,NSE,1
18571,GNA-EQ,GNA,,-1,1,,NSE,5
18608,ZAGGLE-EQ,ZAGGLE,,-1,1,,NSE,5
18755,KALAMANDIR-EQ,KALAMANDIR,,-1,1,,NSE,1
1879,CARYSIL-EQ,CARYSIL,,-1,1,,NSE,5
18783,IDFNIFTYET-EQ,IDFNIFTYET,,-1,1,,NSE,1
18962,RAJRATAN-EQ,RAJRATAN,,-1,1,,NSE,5
18977,UNIVASTU-EQ,UNIVASTU,,-1,1,,NSE,5
19097,SILLYMONKS-EQ,SILLYMONKS,,-1,1,,NSE,1
1922,KOTAKBANK-EQ,KOTAKBANK,,-1,1,,NSE,10
1923,WEALTH-EQ,WEALTH,,-1,1,,NSE,10
19218,VALIANTLAB-EQ,VALIANTLAB,,-1,1,,NSE,1
19265,BLISSGVS-EQ,BLISSGVS,,-1,1,,NSE,1
19277,EMAMIREAL-EQ,EMAMIREAL,,-1,1,,NSE,1
193,ARVIND-EQ,ARVIND,,-1,1,,NSE,5
19447,CAPTRUST-EQ,CAPTRUST,,-1,1,,NSE,1
19525,IITL-EQ,IITL,,-1,1,,NSE,1
19556,BHANDARI-EQ,BHANDARI,,-1,1,,NSE,1
19646,MAXESTATES-EQ,MAXESTATES,,-1,1,,NSE,5
19679,GOLDIETF-EQ,GOLDIETF,,-1,1,,NSE,1
199,MASFIN-EQ,MASFIN,,-1,1,,NSE,5
19931,ORISSAMINE-EQ,ORISSAMINE,,-1,1,,NSE,10
2004,AHLADA-EQ,AHLADA,,-1,1,,NSE,1
20086,CPCAP-EQ,CPCAP,,-1,1,,NSE,1
20182,ASHOKA-EQ,ASHOKA,,-1,1,,NSE,1
20242,OBEROIRLTY-EQ,OBEROIRLTY,,-1,1,,NSE,10
20293,TATATECH-EQ,TATATECH,,-1,1,,NSE,5
20372,FLAIR-EQ,FLAIR,,-1,1,,NSE,5
2073,VTL-EQ,VTL,,-1,1,,NSE,5
20874,RBZJEWEL-EQ,RBZJEWEL,,-1,1,,NSE,1
21062,INNOVACAP-EQ,INNOVACAP,,-1,1,,NSE,5
21095,SHEKHAWATI-EQ,SHEKHAWATI,,-1,1,,NSE,1
21275,SUMMITSEC-EQ,SUMMITSEC,,-1,1,,NSE,10
21392,MAGADSUGAR-EQ,MAGADSUGAR,,-1,1,,NSE,5
21683,BRNL-EQ,BRNL,,-1,1,,NSE,1
21828,TEXRAIL-EQ,TEXRAIL,,-1,1,,NSE,1
21951,HFCL-EQ,HFCL,,-1,1,,NSE,1
2268,MOTOGENFIN-EQ,MOTOGENFIN,,-1,1,,NSE,1
22670,RPTECH-EQ,RPTECH,,-1,1,,NSE,5
22824,JUNIPER-EQ,JUNIPER,,-1,1,,NSE,5
22832,SMALLCAP-EQ,SMALLCAP,,-1,1,,NSE,1
23142,PVSL-EQ,PVSL,,-1,1,,NSE,1
23184,MOREALTY-EQ,MOREALTY,,-1,1,,NSE,1
2328,CPSEETF-EQ,CPSEETF,,-1,1,,NSE,1
2331,JAYNECOIND-EQ,JAYNECOIND,,-1,1,,NSE,1
23402,SRM-EQ,SRM,,-1,1,,NSE,5
23407,LIQUIDADD-EQ,LIQUIDADD,,-1,1,,NSE,1
236,ASIANPAINT-EQ,ASIANPAINT,,-1,1,,NSE,10
23607,BALUFORGE-EQ,BALUFORGE,,-1,1,,NSE,5
23804,BSLGOLDETF-EQ,BSLGOLDETF,,-1,1,,NSE,1
24190,SYMPHONY-EQ,SYMPHONY,,-1,1,,NSE,5
24231,OMINFRAL-EQ,OMINFRAL,,-1,1,,NSE,1
128,ROUTE-EQ,ROUTE,,-1,1,,NSE,5
12841,11NSETEST-EQ,11NSETEST,,-1,1,,NSE,5
12913,SARVESHWAR-EQ,SARVESHWAR,,-1,1,,NSE,1
13081,TRIVENI-EQ,TRIVENI,,-1,1,,NSE,5
1315,GALAXYSURF-EQ,GALAXYSURF,,-1,1,,NSE,10
13175,NITINSPIN-EQ,NITINSPIN,,-1,1,,NSE,5
1333,HDFCBANK-EQ,HDFCBANK,,-1,1,,NSE,5
13288,AFSL-EQ,AFSL,,-1,1,,NSE,1
1338,SDBL-EQ,SDBL,,-1,1,,NSE,1
13337,GALLANTT-EQ,GALLANTT,,-1,1,,NSE,5
13414,RSYSTEMS-EQ,RSYSTEMS,,-1,1,,NSE,5
13423,ELIN-EQ,ELIN,,-1,1,,NSE,1
13436,LOKESHMACH-EQ,LOKESHMACH,,-1,1,,NSE,1
136,ANDHRSUGAR-EQ,ANDHRSUGAR,,-1,1,,NSE,1
13585,ATLANTAA-EQ,ATLANTAA,,-1,1,,NSE,1
13702,VISHWARAJ-EQ,VISHWARAJ,,-1,1,,NSE,1
13751,NAUKRI-EQ,NAUKRI,,-1,1,,NSE,10
1403,HINDOILEXP-EQ,HINDOILEXP,,-1,1,,NSE,1
1406,HINDPETRO-EQ,HINDPETRO,,-1,1,,NSE,5
14106,AUTOIND-EQ,AUTOIND,,-1,1,,NSE,1
14245,TVSSRICHAK-EQ,TVSSRICHAK,,-1,1,,NSE,10
14299,PFC-EQ,PFC,,-1,1,,NSE,5
14366,IDEA-EQ,IDEA,,-1,1,,NSE,1
14423,LAOPALA-EQ,LAOPALA,,-1,1,,NSE,1
14501,BALAMINES-EQ,BALAMINES,,-1,1,,NSE,10
1455,BIRLANU-EQ,BIRLANU,,-1,1,,NSE,10
14537,DISHTV-EQ,DISHTV,,-1,1,,NSE,1
14552,PHOENIXLTD-EQ,PHOENIXLTD,,-1,1,,NSE,10
14567,BFUTILITIE-EQ,BFUTILITIE,,-1,1,,NSE,5
14599,GSLSU-EQ,GSLSU,,-1,1,,NSE,1
14607,TGBHOTELS-EQ,TGBHOTELS,,-1,1,,NSE,1
14712,HGS-EQ,HGS,,-1,1,,NSE,5
14766,V2RETAIL-EQ,V2RETAIL,,-1,1,,NSE,10
14774,111NSETEST-EQ,111NSETEST,,-1,1,,NSE,5
1480,REPL-EQ,REPL,,-1,1,,NSE,1
14843,VIPCLOTHNG-EQ,VIPCLOTHNG,,-1,1,,NSE,1
14871,USK-EQ,USK,,-1,1,,NSE,1
14908,KDDL-EQ,KDDL,,-1,1,,NSE,10
14982,CENTUM-EQ,CENTUM,,-1,1,,NSE,10
15044,DELTACORP-EQ,DELTACORP,,-1,1,,NSE,1
15085,SILVERETF-EQ,SILVERETF,,-1,1,,NSE,1
1515,INDIACEM-EQ,INDIACEM,,-1,1,,NSE,5
15254,CEATLTD-EQ,CEATLTD,,-1,1,,NSE,10
15303,BANG-EQ,BANG,,-1,1,,NSE,1
157,APOLLOHOSP-EQ,APOLLOHOSP,,-1,1,,NSE,50
16253,EBBETF0430-EQ,EBBETF0430,,-1,1,,NSE,1
1663,SUNDROP-EQ,SUNDROP,,-1,1,,NSE,5
16822,IKIO-EQ,IKIO,,-1,1,,NSE,1
17032,THYROCARE-EQ,THYROCARE,,-1,1,,NSE,10
1726,JBCHEPHARM-EQ,JBCHEPHARM,,-1,1,,NSE,10
17272,SETFGOLD-EQ,SETFGOLD,,-1,1,,NSE,1
17514,SETCO-EQ,SETCO,,-1,1,,NSE,1
1756,JINDALPOLY-EQ,JINDALPOLY,,-1,1,,NSE,5
17641,SUNTECK-EQ,SUNTECK,,-1,1,,NSE,5
17651,POKARNA-EQ,POKARNA,,-1,1,,NSE,5
17747,NIITMTS-EQ,NIITMTS,,-1,1,,NSE,5
17888,GATECH-EQ,GATECH,,-1,1,,NSE,1
17971,SBICARD-EQ,SBICARD,,-1,1,,NSE,5
1805,KABRAEXTRU-EQ,KABRAEXTRU,,-1,1,,NSE,5
17999,UNITEDTEA-EQ,UNITEDTEA,,-1,1,,NSE,5
18060,CONCORDBIO-EQ,CONCORDBIO,,-1,1,,NSE,10
1808,KAJARIACER-EQ,KAJARIACER,,-1,1,,NSE,10
18086,DBL-EQ,DBL,,-1,1,,NSE,5
18124,DBREALTY-EQ,DBREALTY,,-1,1,,NSE,1
18321,LGBBROSLTD-EQ,LGBBROSLTD,,-1,1,,NSE,10
18371,NDGL-EQ,NDGL,,-1,1,,NSE,10
18422,ASIANHOTNR-EQ,ASIANHOTNR,,-1,1,,NSE,5
18431,BIGBLOC-EQ,BIGBLOC,,-1,1,,NSE,1
18564,LTTS-EQ,LTTS,,-1,1,,NSE,10
18721,NUVAMA-EQ,NUVAMA,,-1,1,,NSE,50
19073,AARVI-EQ,AARVI,,-1,1,,NSE,1
19084,ITBEES-EQ,ITBEES,,-1,1,,NSE,1
19578,UGARSUGAR-EQ,UGARSUGAR,,-1,1,,NSE,1
19686,BLUEJET-EQ,BLUEJET,,-1,1,,NSE,5
20063,SASTASUNDR-EQ,SASTASUNDR,,-1,1,,NSE,5
20159,ARIHANTSUP-EQ,ARIHANTSUP,,-1,1,,NSE,5
20188,WABAG-EQ,WABAG,,-1,1,,NSE,10
20203,URJA-EQ,URJA,,-1,1,,NSE,1
20303,GANDHAR-EQ,GANDHAR,,-1,1,,NSE,1
20321,SHANKARA-EQ,SHANKARA,,-1,1,,NSE,5
20374,COALINDIA-EQ,COALINDIA,,-1,1,,NSE,5
2049,CHENNPETRO-EQ,CHENNPETRO,,-1,1,,NSE,5
20481,WIPL-EQ,WIPL,,-1,1,,NSE,1
206,ASHIMASYN-EQ,ASHIMASYN,,-1,1,,NSE,1
20532,AXISGOLD-EQ,AXISGOLD,,-1,1,,NSE,1
20788,MOTISONS-EQ,MOTISONS,,-1,1,,NSE,1
20825,HUDCO-EQ,HUDCO,,-1,1,,NSE,1
20936,KIRLOSENG-EQ,KIRLOSENG,,-1,1,,NSE,5
21001,PSB-EQ,PSB,,-1,1,,NSE,1
21017,FMNL-EQ,FMNL,,-1,1,,NSE,1
2107,STOVEKRAFT-EQ,STOVEKRAFT,,-1,1,,NSE,5
21131,TEJASNET-EQ,TEJASNET,,-1,1,,NSE,5
21154,ERIS-EQ,ERIS,,-1,1,,NSE,10
21334,JYOTICNC-EQ,JYOTICNC,,-1,1,,NSE,5
21401,TATAGOLD-EQ,TATAGOLD,,-1,1,,NSE,1
21713,LASA-EQ,LASA,,-1,1,,NSE,1
21749,CAPACITE-EQ,CAPACITE,,-1,1,,NSE,5
2188,GENCON-EQ,GENCON,,-1,1,,NSE,1
21957,INDTERRAIN-EQ,INDTERRAIN,,-1,1,,NSE,1
2241,MODTHREAD-EQ,MODTHREAD,,-1,1,,NSE,1
22377,MAXHEALTH-EQ,MAXHEALTH,,-1,1,,NSE,10
22433,HDFCNIFBAN-EQ,HDFCNIFBAN,,-1,1,,NSE,1
2256,PENINLAND-EQ,PENINLAND,,-1,1,,NSE,1
22675,CAPITALSFB-EQ,CAPITALSFB,,-1,1,,NSE,5
2283,MRPL-EQ,MRPL,,-1,1,,NSE,1
2294,MTNL-EQ,MTNL,,-1,1,,NSE,1
22901,GOLDCASE-EQ,GOLDCASE,,-1,1,,NSE,1
23480,SINCLAIR-EQ,SINCLAIR,,-1,1,,NSE,1
2385,NAVNETEDUL-EQ,NAVNETEDUL,,-1,1,,NSE,1
23855,MIDSMALL-EQ,MIDSMALL,,-1,1,,NSE,1
2397,SANDHAR-EQ,SANDHAR,,-1,1,,NSE,5
24117,BBNPNBETF-EQ,BBNPNBETF,,-1,1,,NSE,1
2431,RAILTEL-EQ,RAILTEL,,-1,1,,NSE,5
24292,VSTTILLERS-EQ,VSTTILLERS,,-1,1,,NSE,50
12842,G1NSETEST-EQ,G1NSETEST,,-1,1,,NSE,5
12978,NPBET-EQ,NPBET,,-1,1,,NSE,1
13035,SAFARI-EQ,SAFARI,,-1,1,,NSE,10
13057,UNIPARTS-EQ,UNIPARTS,,-1,1,,NSE,5
13101,VIMTALABS-EQ,VIMTALABS,,-1,1,,NSE,5
13147,PVRINOX-EQ,PVRINOX,,-1,1,,NSE,10
13211,JAGRAN-EQ,JAGRAN,,-1,1,,NSE,1
13359,KFINTECH-EQ,KFINTECH,,-1,1,,NSE,10
13441,BALPHARMA-EQ,BALPHARMA,,-1,1,,NSE,1
13463,PIONEEREMB-EQ,PIONEEREMB,,-1,1,,NSE,1
13522,NECCLTD-EQ,NECCLTD,,-1,1,,NSE,1
13536,VIDHIING-EQ,VIDHIING,,-1,1,,NSE,5
13538,TECHM-EQ,TECHM,,-1,1,,NSE,10
13644,BANKETFADD-EQ,BANKETFADD,,-1,1,,NSE,1
13689,AERONEU-EQ,AERONEU,,-1,1,,NSE,1
13794,BAIDFIN-EQ,BAIDFIN,,-1,1,,NSE,1
13826,SOBHA-EQ,SOBHA,,-1,1,,NSE,10
13890,HIRECT-EQ,HIRECT,,-1,1,,NSE,10
14003,ZEEMEDIA-EQ,ZEEMEDIA,,-1,1,,NSE,1
14058,SANGHVIMOV-EQ,SANGHVIMOV,,-1,1,,NSE,5
1412,AGI-EQ,AGI,,-1,1,,NSE,5
14286,GOLDETF-EQ,GOLDETF,,-1,1,,NSE,1
14346,ORIENTALTL-EQ,ORIENTALTL,,-1,1,,NSE,1
14445,NAHARPOLY-EQ,NAHARPOLY,,-1,1,,NSE,5
14485,THEMISMED-EQ,THEMISMED,,-1,1,,NSE,1
14602,WEBELSOLAR-EQ,WEBELSOLAR,,-1,1,,NSE,10
14758,051NSETEST-EQ,051NSETEST,,-1,1,,NSE,5
14784,161NSETEST-EQ,161NSETEST,,-1,1,,NSE,5
14922,PURVA-EQ,PURVA,,-1,1,,NSE,5
1497,SHIVAMILLS-EQ,SHIVAMILLS,,-1,1,,NSE,1
14966,CSBBANK-EQ,CSBBANK,,-1,1,,NSE,5
14977,POWERGRID-EQ,POWERGRID,,-1,1,,NSE,5
15007,MANGCHEFER-EQ,MANGCHEFER,,-1,1,,NSE,5
1508,ASTERDM-EQ,ASTERDM,,-1,1,,NSE,5
15067,BLAL-EQ,BLAL,,-1,1,,NSE,1
15129,RGL-EQ,RGL,,-1,1,,NSE,1
15161,HITECHCORP-EQ,HITECHCORP,,-1,1,,NSE,1
15174,TARIL-EQ,TARIL,,-1,1,,NSE,5
15259,RPOWER-EQ,RPOWER,,-1,1,,NSE,1
15313,IRB-EQ,IRB,,-1,1,,NSE,1
15337,RAIN-EQ,RAIN,,-1,1,,NSE,1
15414,TITAGARH-EQ,TITAGARH,,-1,1,,NSE,5
1570,GMMPFAUDLR-EQ,GMMPFAUDLR,,-1,1,,NSE,10
15589,AVG-EQ,AVG,,-1,1,,NSE,1
15883,HINDWAREAP-EQ,HINDWAREAP,,-1,1,,NSE,5
16669,BAJAJ-AUTO-EQ,BAJAJ-AUTO,,-1,1,,NSE,50
16725,RPGLIFE-EQ,RPGLIFE,,-1,1,,NSE,10
16783,GVT&D-EQ,GVT&D,,-1,1,,NSE,10
16821,VINYLINDIA-EQ,VINYLINDIA,,-1,1,,NSE,5
16959,ALKALI-EQ,ALKALI,,-1,1,,NSE,1
16986,COUNCODOS-EQ,COUNCODOS,,-1,1,,NSE,1
17145,AARTECH-EQ,AARTECH,,-1,1,,NSE,1
17187,CYIENTDLM-EQ,CYIENTDLM,,-1,1,,NSE,5
17197,PAKKA-EQ,PAKKA,,-1,1,,NSE,1
17256,ALBERTDAVD-EQ,ALBERTDAVD,,-1,1,,NSE,5
17279,BLS-EQ,BLS,,-1,1,,NSE,5
17333,MHRIL-EQ,MHRIL,,-1,1,,NSE,5
17358,UTKARSHBNK-EQ,UTKARSHBNK,,-1,1,,NSE,1
17364,VINATIORGA-EQ,VINATIORGA,,-1,1,,NSE,10
17534,MGL-EQ,MGL,,-1,1,,NSE,10
17675,ALOKINDS-EQ,ALOKINDS,,-1,1,,NSE,1
17764,REFEX-EQ,REFEX,,-1,1,,NSE,5
17778,ATL-EQ,ATL,,-1,1,,NSE,1
17818,LTIM-EQ,LTIM,,-1,1,,NSE,50
1814,KPIL-EQ,KPIL,,-1,1,,NSE,10
18143,JIOFIN-EQ,JIOFIN,,-1,1,,NSE,5
18268,AEROFLEX-EQ,AEROFLEX,,-1,1,,NSE,1
18279,HDFCLIQUID-EQ,HDFCLIQUID,,-1,1,,NSE,1
18341,VPRPL-EQ,VPRPL,,-1,1,,NSE,1
18520,CUPID-EQ,CUPID,,-1,1,,NSE,1
18644,DIAMINESQ-EQ,DIAMINESQ,,-1,1,,NSE,5
18760,YATRA-EQ,YATRA,,-1,1,,NSE,1
18866,MAZDA-EQ,MAZDA,,-1,1,,NSE,5
18921,VBL-EQ,VBL,,-1,1,,NSE,5
19025,KIRLOSIND-EQ,KIRLOSIND,,-1,1,,NSE,10
19113,UDS-EQ,UDS,,-1,1,,NSE,1
19142,UMESLTD-EQ,UMESLTD,,-1,1,,NSE,1
19211,HMVL-EQ,HMVL,,-1,1,,NSE,1
19223,TCIEXP-EQ,TCIEXP,,-1,1,,NSE,5
19299,ITDC-EQ,ITDC,,-1,1,,NSE,5
19501,TICL-EQ,TICL,,-1,1,,NSE,1
19640,ALPHAETF-EQ,ALPHAETF,,-1,1,,NSE,1
19691,JITFINFRA-EQ,JITFINFRA,,-1,1,,NSE,5
19795,CELLO-EQ,CELLO,,-1,1,,NSE,5
19878,ESAFSFB-EQ,ESAFSFB,,-1,1,,NSE,1
2048,INDIGOPNTS-EQ,INDIGOPNTS,,-1,1,,NSE,10
20551,DOMS-EQ,DOMS,,-1,1,,NSE,10
20556,INDIASHLTR-EQ,INDIASHLTR,,-1,1,,NSE,5
20607,INOXINDIA-EQ,INOXINDIA,,-1,1,,NSE,10
20831,MUTHOOTMF-EQ,MUTHOOTMF,,-1,1,,NSE,1
20877,PSPPROJECT-EQ,PSPPROJECT,,-1,1,,NSE,5
20878,MUFTI-EQ,MUFTI,,-1,1,,NSE,1
21119,KICL-EQ,KICL,,-1,1,,NSE,10
21247,DIGIDRIVE-EQ,DIGIDRIVE,,-1,1,,NSE,1
21794,DAVANGERE-EQ,DAVANGERE,,-1,1,,NSE,1
22,ACC-EQ,ACC,,-1,1,,NSE,10
22428,MAXIND-EQ,MAXIND,,-1,1,,NSE,1
22477,NOVAAGRI-EQ,NOVAAGRI,,-1,1,,NSE,1
22717,ENTERO-EQ,ENTERO,,-1,1,,NSE,10
22980,MUKKA-EQ,MUKKA,,-1,1,,NSE,1
2306,BESTAGRO-EQ,BESTAGRO,,-1,1,,NSE,5
2307,MUNJALSHOW-EQ,MUNJALSHOW,,-1,1,,NSE,1
18614,SAMHI-EQ,SAMHI,,-1,1,,NSE,1
18679,HPL-EQ,HPL,,-1,1,,NSE,5
18743,SIGNATURE-EQ,SIGNATURE,,-1,1,,NSE,10
18931,SUNDARAM-EQ,SUNDARAM,,-1,1,,NSE,1
19020,JSWINFRA-EQ,JSWINFRA,,-1,1,,NSE,5
19196,TI-EQ,TI,,-1,1,,NSE,5
19224,SENSEXETF-EQ,SENSEXETF,,-1,1,,NSE,1
19867,AMNPLST-EQ,AMNPLST,,-1,1,,NSE,1
201,UNIDT-EQ,UNIDT,,-1,1,,NSE,1
20152,ASKAUTOLTD-EQ,ASKAUTOLTD,,-1,1,,NSE,5
20160,CANTABIL-EQ,CANTABIL,,-1,1,,NSE,5
203,ASHAPURMIN-EQ,ASHAPURMIN,,-1,1,,NSE,5
2028,LYKALABS-EQ,LYKALABS,,-1,1,,NSE,1
2056,HOMEFIRST-EQ,HOMEFIRST,,-1,1,,NSE,10
20642,JINDWORLD-EQ,JINDWORLD,,-1,1,,NSE,1
20905,AZAD-EQ,AZAD,,-1,1,,NSE,10
2106,MANGLMCEM-EQ,MANGLMCEM,,-1,1,,NSE,5
21077,SURANASOL-EQ,SURANASOL,,-1,1,,NSE,1
21252,AXISNIFTY-EQ,AXISNIFTY,,-1,1,,NSE,1
21399,GANGESSECU-EQ,GANGESSECU,,-1,1,,NSE,1
21705,MEDIASSIST-EQ,MEDIASSIST,,-1,1,,NSE,5
21704,DCAL-EQ,DCAL,,-1,1,,NSE,5
21770,ICICIGI-EQ,ICICIGI,,-1,1,,NSE,10
21959,NIFTYBETF-EQ,NIFTYBETF,,-1,1,,NSE,1
22440,UTIBANKETF-EQ,UTIBANKETF,,-1,1,,NSE,1
2259,MOREPENLAB-EQ,MOREPENLAB,,-1,1,,NSE,1
22602,PFS-EQ,PFS,,-1,1,,NSE,1
2263,BANDHANBNK-EQ,BANDHANBNK,,-1,1,,NSE,1
2303,HAL-EQ,HAL,,-1,1,,NSE,10
2313,MURUDCERA-EQ,MURUDCERA,,-1,1,,NSE,1
23647,FILATFASH-EQ,FILATFASH,,-1,1,,NSE,1
23729,AADHARHFC-EQ,AADHARHFC,,-1,1,,NSE,5
2406,NEULANDLAB-EQ,NEULANDLAB,,-1,1,,NSE,100
24159,AFIL-EQ,AFIL,,-1,1,,NSE,1
2435,CONSUMBEES-EQ,CONSUMBEES,,-1,1,,NSE,1
23447,181NSETEST-EQ,181NSETEST,,-1,1,,NSE,5
23915,LIQUIDBETF-EQ,LIQUIDBETF,,-1,1,,NSE,1
24145,RETAIL-EQ,RETAIL,,-1,1,,NSE,1
2421,NILKAMAL-EQ,NILKAMAL,,-1,1,,NSE,10
2439,NKIND-EQ,NKIND,,-1,1,,NSE,1
13082,SILVER1-EQ,SILVER1,,-1,1,,NSE,1
13086,AIAENG-EQ,AIAENG,,-1,1,,NSE,10
13121,KERNEX-EQ,KERNEX,,-1,1,,NSE,10
13276,LANDMARK-EQ,LANDMARK,,-1,1,,NSE,5
13457,KAMDHENU-EQ,KAMDHENU,,-1,1,,NSE,1
1348,HEROMOTOCO-EQ,HEROMOTOCO,,-1,1,,NSE,50
13577,VOLTAMP-EQ,VOLTAMP,,-1,1,,NSE,50
13587,ACE-EQ,ACE,,-1,1,,NSE,10
13598,SELAN-EQ,SELAN,,-1,1,,NSE,5
1360,HIMATSEIDE-EQ,HIMATSEIDE,,-1,1,,NSE,1
13631,SKYGOLD-EQ,SKYGOLD,,-1,1,,NSE,5
13801,SUTLEJTEX-EQ,SUTLEJTEX,,-1,1,,NSE,1
13844,MMFL-EQ,MMFL,,-1,1,,NSE,5
13880,BANCOINDIA-EQ,BANCOINDIA,,-1,1,,NSE,5
13900,CREST-EQ,CREST,,-1,1,,NSE,5
14043,SARLAPOLY-EQ,SARLAPOLY,,-1,1,,NSE,1
14068,SAGCEM-EQ,SAGCEM,,-1,1,,NSE,5
14086,IGPL-EQ,IGPL,,-1,1,,NSE,5
14134,PITTIENG-EQ,PITTIENG,,-1,1,,NSE,5
14150,BTML-EQ,BTML,,-1,1,,NSE,1
14180,NSLNISP-EQ,NSLNISP,,-1,1,,NSE,1
14203,HUBTOWN-EQ,HUBTOWN,,-1,1,,NSE,5
144,GODREJAGRO-EQ,GODREJAGRO,,-1,1,,NSE,5
14398,AMDIND-EQ,AMDIND,,-1,1,,NSE,1
14418,ASTRAL-EQ,ASTRAL,,-1,1,,NSE,10
1442,SANOFI-EQ,SANOFI,,-1,1,,NSE,50
1448,HLVLTD-EQ,HLVLTD,,-1,1,,NSE,1
14479,DIVGIITTS-EQ,DIVGIITTS,,-1,1,,NSE,5
14480,GOKULAGRO-EQ,GOKULAGRO,,-1,1,,NSE,5
14582,SRHHYPOLTD-EQ,SRHHYPOLTD,,-1,1,,NSE,5
14592,FORTIS-EQ,FORTIS,,-1,1,,NSE,5
14618,CHEMBOND-EQ,CHEMBOND,,-1,1,,NSE,1
14702,NAGREEKEXP-EQ,NAGREEKEXP,,-1,1,,NSE,1
1476,IDBI-EQ,IDBI,,-1,1,,NSE,1
1482,IFBAGRO-EQ,IFBAGRO,,-1,1,,NSE,5
14947,MOTILALOFS-EQ,MOTILALOFS,,-1,1,,NSE,5
15039,CERA-EQ,CERA,,-1,1,,NSE,50
15199,MANAKSIA-EQ,MANAKSIA,,-1,1,,NSE,1
15204,ARIES-EQ,ARIES,,-1,1,,NSE,5
15330,QGOLDHALF-EQ,QGOLDHALF,,-1,1,,NSE,1
15342,SHALPAINTS-EQ,SHALPAINTS,,-1,1,,NSE,1
1597,INGERRAND-EQ,INGERRAND,,-1,1,,NSE,10
1614,FAIRCHEMOR-EQ,FAIRCHEMOR,,-1,1,,NSE,5
16192,PAVNAIND-EQ,PAVNAIND,,-1,1,,NSE,5
1633,IPCALAB-EQ,IPCALAB,,-1,1,,NSE,10
16395,MMP-EQ,MMP,,-1,1,,NSE,5
1660,ITC-EQ,ITC,,-1,1,,NSE,5
16719,ALMONDZ-EQ,ALMONDZ,,-1,1,,NSE,1
16819,QNIFTY-EQ,QNIFTY,,-1,1,,NSE,1
16859,SINDHUTRAD-EQ,SINDHUTRAD,,-1,1,,NSE,1
16908,TOUCHWOOD-EQ,TOUCHWOOD,,-1,1,,NSE,1
16996,TPHQ-EQ,TPHQ,,-1,1,,NSE,1
17186,SHRIPISTON-EQ,SHRIPISTON,,-1,1,,NSE,10
1720,JAYSREETEA-EQ,JAYSREETEA,,-1,1,,NSE,1
17625,MOLDTECH-EQ,MOLDTECH,,-1,1,,NSE,1
17685,GPTINFRA-EQ,GPTINFRA,,-1,1,,NSE,1
17704,QUESS-EQ,QUESS,,-1,1,,NSE,5
17801,LLOYDSENGG-EQ,LLOYDSENGG,,-1,1,,NSE,1
17881,DBCORP-EQ,DBCORP,,-1,1,,NSE,5
1797,AWHCL-EQ,AWHCL,,-1,1,,NSE,5
1811,KAKATCEM-EQ,KAKATCEM,,-1,1,,NSE,1
18154,HATHWAY-EQ,HATHWAY,,-1,1,,NSE,1
18284,HNGSNGBEES-EQ,HNGSNGBEES,,-1,1,,NSE,1
1835,KANORICHEM-EQ,KANORICHEM,,-1,1,,NSE,1
18566,RRKABEL-EQ,RRKABEL,,-1,1,,NSE,10
18593,EMSLIMITED-EQ,EMSLIMITED,,-1,1,,NSE,5
18727,MASKINVEST-EQ,MASKINVEST,,-1,1,,NSE,1
18822,ENDURANCE-EQ,ENDURANCE,,-1,1,,NSE,10
18967,KAPSTON-EQ,KAPSTON,,-1,1,,NSE,1
19036,PODDARMENT-EQ,PODDARMENT,,-1,1,,NSE,5
19061,MANAPPURAM-EQ,MANAPPURAM,,-1,1,,NSE,5
19111,NBIFIN-EQ,NBIFIN,,-1,1,,NSE,10
19205,HEADSUP-EQ,HEADSUP,,-1,1,,NSE,1
19234,LAURUSLABS-EQ,LAURUSLABS,,-1,1,,NSE,5
19237,MONIFTY500-EQ,MONIFTY500,,-1,1,,NSE,1
19279,THEJO-EQ,THEJO,,-1,1,,NSE,10
19410,ROSSARI-EQ,ROSSARI,,-1,1,,NSE,5
19597,IRMENERGY-EQ,IRMENERGY,,-1,1,,NSE,5
19705,LIQUIDSBI-EQ,LIQUIDSBI,,-1,1,,NSE,1
20092,TASTYBITE-EQ,TASTYBITE,,-1,1,,NSE,50
20224,JWL-EQ,JWL,,-1,1,,NSE,5
2029,IRFC-EQ,IRFC,,-1,1,,NSE,1
20323,RESPONIND-EQ,RESPONIND,,-1,1,,NSE,1
20329,CGCL-EQ,CGCL,,-1,1,,NSE,1
20527,PRUDMOULI-EQ,PRUDMOULI,,-1,1,,NSE,1
20760,RPPINFRA-EQ,RPPINFRA,,-1,1,,NSE,1
20778,JAMNAAUTO-EQ,JAMNAAUTO,,-1,1,,NSE,1
2088,MAHSEAMLES-EQ,MAHSEAMLES,,-1,1,,NSE,5
21113,BFINVEST-EQ,BFINVEST,,-1,1,,NSE,5
21383,PALASHSECU-EQ,PALASHSECU,,-1,1,,NSE,1
21469,OPTIEMUS-EQ,OPTIEMUS,,-1,1,,NSE,5
21578,COMSYN-EQ,COMSYN,,-1,1,,NSE,1
21733,RHFL-EQ,RHFL,,-1,1,,NSE,1
22233,DHUNINV-EQ,DHUNINV,,-1,1,,NSE,10
22344,ALPL30IETF-EQ,ALPL30IETF,,-1,1,,NSE,1
22488,NIFITETF-EQ,NIFITETF,,-1,1,,NSE,1
22524,NIF10GETF-EQ,NIF10GETF,,-1,1,,NSE,1
22566,BLSE-EQ,BLSE,,-1,1,,NSE,1
22649,PARKHOTELS-EQ,PARKHOTELS,,-1,1,,NSE,1
22722,LICNMID100-EQ,LICNMID100,,-1,1,,NSE,1
22846,GPTHEALTH-EQ,GPTHEALTH,,-1,1,,NSE,1
22930,PLATIND-EQ,PLATIND,,-1,1,,NSE,5
23127,SCILAL-EQ,SCILAL,,-1,1,,NSE,1
23181,MOSMALL250-EQ,MOSMALL250,,-1,1,,NSE,1
2320,SMCGLOBAL-EQ,SMCGLOBAL,,-1,1,,NSE,1
23553,AIIL-EQ,AIIL,,-1,1,,NSE,10
23621,JNKINDIA-EQ,JNKINDIA,,-1,1,,NSE,5
23693,INDGN-EQ,INDGN,,-1,1,,NSE,5
24014,BOROSCI-EQ,BOROSCI,,-1,1,,NSE,1
24025,KRONOX-EQ,KRONOX,,-1,1,,NSE,1
24308,ABDL-EQ,ABDL,,-1,1,,NSE,5
24366,SBISILVER-EQ,SBISILVER,,-1,1,,NSE,1
24374,LIQUIDSHRI-EQ,LIQUIDSHRI,,-1,1,,NSE,1
24386,BANSALWIRE-EQ,BANSALWIRE,,-1,1,,NSE,5
24398,EMCURE-EQ,EMCURE,,-1,1,,NSE,10
24582,SANSTAR-EQ,SANSTAR,,-1,1,,NSE,1
24595,RUSHIL-EQ,RUSHIL,,-1,1,,NSE,1
24809,UNIECOM-EQ,UNIECOM,,-1,1,,NSE,1
24932,GLOBALE-EQ,GLOBALE,,-1,1,,NSE,1
24944,MODEFENCE-EQ,MODEFENCE,,-1,1,,NSE,1
2514,OSWALAGRO-EQ,OSWALAGRO,,-1,1,,NSE,1
25235,XTGLOBAL-EQ,XTGLOBAL,,-1,1,,NSE,1
25258,EBANKNIFTY-EQ,EBANKNIFTY,,-1,1,,NSE,1
25468,PAISALO-EQ,PAISALO,,-1,1,,NSE,1
25492,ONELIFECAP-EQ,ONELIFECAP,,-1,1,,NSE,1
25597,MANBA-EQ,MANBA,,-1,1,,NSE,1
27047,MASTERTR-EQ,MASTERTR,,-1,1,,NSE,1
27061,ACMESOLAR-EQ,ACMESOLAR,,-1,1,,NSE,5
2708,PRAKASH-EQ,PRAKASH,,-1,1,,NSE,1
2716,BUTTERFLY-EQ,BUTTERFLY,,-1,1,,NSE,5
2717,PRECWIRE-EQ,PRECWIRE,,-1,1,,NSE,1
2794,RSWM-EQ,RSWM,,-1,1,,NSE,1
2841,LXCHEM-EQ,LXCHEM,,-1,1,,NSE,1
27969,VMM-EQ,VMM,,-1,1,,NSE,1
2844,RANEHOLDIN-EQ,RANEHOLDIN,,-1,1,,NSE,10
2859,RAYMOND-EQ,RAYMOND,,-1,1,,NSE,5
28687,MAMATA-EQ,MAMATA,,-1,1,,NSE,5
28805,SANATHAN-EQ,SANATHAN,,-1,1,,NSE,5
2885,RELIANCE-EQ,RELIANCE,,-1,1,,NSE,10
28847,VENTIVE-EQ,VENTIVE,,-1,1,,NSE,5
29098,DDEVPLSTIK-EQ,DDEVPLSTIK,,-1,1,,NSE,5
29251,ITCHOTELS-EQ,ITCHOTELS,,-1,1,,NSE,1
29678,BAJAJINDEF-EQ,BAJAJINDEF,,-1,1,,NSE,5
30023,ATULAUTO-EQ,ATULAUTO,,-1,1,,NSE,5
3010,AXISTECETF-EQ,AXISTECETF,,-1,1,,NSE,1
30274,SILVERCASE-EQ,SILVERCASE,,-1,1,,NSE,1
3078,SHANTIGEAR-EQ,SHANTIGEAR,,-1,1,,NSE,5
3099,SHREDIGCEM-EQ,SHREDIGCEM,,-1,1,,NSE,1
31017,THOMASCOTT-EQ,THOMASCOTT,,-1,1,,NSE,5
3162,SIMPLEXINF-EQ,SIMPLEXINF,,-1,1,,NSE,5
3339,SUNDARMFIN-EQ,SUNDARMFIN,,-1,1,,NSE,10
3405,TATACHEM-EQ,TATACHEM,,-1,1,,NSE,5
3608,AXISHCETF-EQ,AXISHCETF,,-1,1,,NSE,1
3908,PREMIERPOL-EQ,PREMIERPOL,,-1,1,,NSE,1
4306,SHRIRAMFIN-EQ,SHRIRAMFIN,,-1,1,,NSE,5
4481,AARTIDRUGS-EQ,AARTIDRUGS,,-1,1,,NSE,5
4529,NEXT50IETF-EQ,NEXT50IETF,,-1,1,,NSE,1
4598,HERITGFOOD-EQ,HERITGFOOD,,-1,1,,NSE,5
4809,KCPSUGIND-EQ,KCPSUGIND,,-1,1,,NSE,1
4838,LIQUIDIETF-EQ,LIQUIDIETF,,-1,1,,NSE,1
4957,GANGAFORGE-EQ,GANGAFORGE,,-1,1,,NSE,1
24404,ABGSEC-EQ,ABGSEC,,-1,1,,NSE,1
245,ADL-EQ,ADL,,-1,1,,NSE,1
24533,OILIETF-EQ,OILIETF,,-1,1,,NSE,1
25073,RAYMONDLSL-EQ,RAYMONDLSL,,-1,1,,NSE,10
25134,GALAPREC-EQ,GALAPREC,,-1,1,,NSE,5
25203,BALAJEE-EQ,BALAJEE,,-1,1,,NSE,1
25640,LICMFGOLD-EQ,LICMFGOLD,,-1,1,,NSE,5
25718,POLYMED-EQ,POLYMED,,-1,1,,NSE,10
25756,VIKASECO-EQ,VIKASECO,,-1,1,,NSE,1
25780,APLAPOLLO-EQ,APLAPOLLO,,-1,1,,NSE,10
25872,GROWWGOLD-EQ,GROWWGOLD,,-1,1,,NSE,1
2598,AMJLAND-EQ,AMJLAND,,-1,1,,NSE,1
25996,EMULTIMQ-EQ,EMULTIMQ,,-1,1,,NSE,1
27171,RACLGEAR-EQ,RACLGEAR,,-1,1,,NSE,5
29087,QUADFUTURE-EQ,QUADFUTURE,,-1,1,,NSE,5
29224,ONESOURCE-EQ,ONESOURCE,,-1,1,,NSE,10
29487,NIBE-EQ,NIBE,,-1,1,,NSE,10
29423,MOHITIND-EQ,MOHITIND,,-1,1,,NSE,1
29553,NIFTYIETF-EQ,NIFTYIETF,,-1,1,,NSE,1
29577,NIF100BEES-EQ,NIF100BEES,,-1,1,,NSE,1
29733,NIBL-EQ,NIBL,,-1,1,,NSE,1
29944,NIFTY100EW-EQ,NIFTY100EW,,-1,1,,NSE,1
3002,WONDERLA-EQ,WONDERLA,,-1,1,,NSE,5
30105,GOLD360-EQ,GOLD360,,-1,1,,NSE,5
30125,SAMMAANCAP-EQ,SAMMAANCAP,,-1,1,,NSE,1
3021,SOTL-EQ,SOTL,,-1,1,,NSE,5
3024,JINDALSAW-EQ,JINDALSAW,,-1,1,,NSE,1
30290,SBIBPB-EQ,SBIBPB,,-1,1,,NSE,1
3048,SCI-EQ,SCI,,-1,1,,NSE,1
30469,MID150-EQ,MID150,,-1,1,,NSE,1
3066,SESHAPAPER-EQ,SESHAPAPER,,-1,1,,NSE,5
3172,GILT5YBEES-EQ,GILT5YBEES,,-1,1,,NSE,1
324,ANGELONE-EQ,ANGELONE,,-1,1,,NSE,10
3247,NITIRAJ-EQ,NITIRAJ,,-1,1,,NSE,1
3252,SPIC-EQ,SPIC,,-1,1,,NSE,1
3273,SRF-EQ,SRF,,-1,1,,NSE,10
3321,SPMLINFRA-EQ,SPMLINFRA,,-1,1,,NSE,5
3324,SUBROS-EQ,SUBROS,,-1,1,,NSE,5
3327,SUDARSCHEM-EQ,SUDARSCHEM,,-1,1,,NSE,10
34,ADOR-EQ,ADOR,,-1,1,,NSE,5
338,BALMLAWRIE-EQ,BALMLAWRIE,,-1,1,,NSE,1
341,BALRAMCHIN-EQ,BALRAMCHIN,,-1,1,,NSE,5
3403,AJOONI-EQ,AJOONI,,-1,1,,NSE,1
3432,TATACONSUM-EQ,TATACONSUM,,-1,1,,NSE,10
350,BANARISUG-EQ,BANARISUG,,-1,1,,NSE,10
3475,THERMAX-EQ,THERMAX,,-1,1,,NSE,10
3530,AXISBPSETF-EQ,AXISBPSETF,,-1,1,,NSE,1
3546,TTKPRESTIG-EQ,TTKPRESTIG,,-1,1,,NSE,5
3563,ADANIGREEN-EQ,ADANIGREEN,,-1,1,,NSE,5
3579,UNICHEMLAB-EQ,UNICHEMLAB,,-1,1,,NSE,5
3646,VARDMNPOLY-EQ,VARDMNPOLY,,-1,1,,NSE,1
3672,SOLARA-EQ,SOLARA,,-1,1,,NSE,5
3761,RITES-EQ,RITES,,-1,1,,NSE,1
3772,WILLAMAGOR-EQ,WILLAMAGOR,,-1,1,,NSE,1
3799,WSTCSTPAPR-EQ,WSTCSTPAPR,,-1,1,,NSE,5
24538,MAITHANALL-EQ,MAITHANALL,,-1,1,,NSE,10
24814,FIRSTCRY-EQ,FIRSTCRY,,-1,1,,NSE,5
24823,MANCREDIT-EQ,MANCREDIT,,-1,1,,NSE,1
25,ADANIENT-EQ,ADANIENT,,-1,1,,NSE,10
25049,PREMIERENE-EQ,PREMIERENE,,-1,1,,NSE,5
25114,STYLEBAAZA-EQ,STYLEBAAZA,,-1,1,,NSE,5
25162,EUREKAFORB-EQ,EUREKAFORB,,-1,1,,NSE,5
25222,SANOFICONR-EQ,SANOFICONR,,-1,1,,NSE,50
25252,KROSS-EQ,KROSS,,-1,1,,NSE,1
25262,TOLINS-EQ,TOLINS,,-1,1,,NSE,1
25398,ARKADE-EQ,ARKADE,,-1,1,,NSE,1
255,NIRAJ-EQ,NIRAJ,,-1,1,,NSE,1
25574,SHAKTIPUMP-EQ,SHAKTIPUMP,,-1,1,,NSE,5
25608,INDOTHAI-EQ,INDOTHAI,,-1,1,,NSE,1
25684,JISLDVREQS-EQ,JISLDVREQS,,-1,1,,NSE,1
25800,GARUDA-EQ,GARUDA,,-1,1,,NSE,1
25897,MINDACORP-EQ,MINDACORP,,-1,1,,NSE,5
2643,PFIZER-EQ,PFIZER,,-1,1,,NSE,50
25984,AVL-EQ,AVL,,-1,1,,NSE,5
27095,SWANCORP-EQ,SWANCORP,,-1,1,,NSE,5
277,GICRE-EQ,GICRE,,-1,1,,NSE,5
27839,SAILIFE-EQ,SAILIFE,,-1,1,,NSE,5
2829,ANURAS-EQ,ANURAS,,-1,1,,NSE,10
2854,CRAFTSMAN-EQ,CRAFTSMAN,,-1,1,,NSE,50
28899,KITEX-EQ,KITEX,,-1,1,,NSE,1
28764,CEWATER-EQ,CEWATER,,-1,1,,NSE,5
29008,TVSHLTD-EQ,TVSHLTD,,-1,1,,NSE,100
29025,INDOFARM-EQ,INDOFARM,,-1,1,,NSE,1
29124,PCJEWELLER-EQ,PCJEWELLER,,-1,1,,NSE,1
29284,VMART-EQ,VMART,,-1,1,,NSE,5
29459,MOSCHIP-EQ,MOSCHIP,,-1,1,,NSE,1
29492,ORCHASP-EQ,ORCHASP,,-1,1,,NSE,1
29731,GUJTHEM-EQ,GUJTHEM,,-1,1,,NSE,5
30472,AONELIQUID-EQ,AONELIQUID,,-1,1,,NSE,1
31107,DBSTOCKBRO-EQ,DBSTOCKBRO,,-1,1,,NSE,1
31507,JPOLYINVST-EQ,JPOLYINVST,,-1,1,,NSE,5
3292,DEEPINDS-EQ,DEEPINDS,,-1,1,,NSE,5
335,BALKRISIND-EQ,BALKRISIND,,-1,1,,NSE,10
3345,SUNDRMFAST-EQ,SUNDRMFAST,,-1,1,,NSE,10
3351,SUNPHARMA-EQ,SUNPHARMA,,-1,1,,NSE,10
3482,CLSEL-EQ,CLSEL,,-1,1,,NSE,5
3496,TIRUMALCHM-EQ,TIRUMALCHM,,-1,1,,NSE,5
357,NAM-INDIA-EQ,NAM-INDIA,,-1,1,,NSE,5
3586,MOKSH-EQ,MOKSH,,-1,1,,NSE,1
3715,VLSFINANCE-EQ,VLSFINANCE,,-1,1,,NSE,1
4176,ZENITHEXPO-EQ,ZENITHEXPO,,-1,1,,NSE,5
4235,WENDT-EQ,WENDT,,-1,1,,NSE,50
393,GLOBE-EQ,GLOBE,,-1,1,,NSE,1
4204,MOTHERSON-EQ,MOTHERSON,,-1,1,,NSE,1
426,BHARATGEAR-EQ,BHARATGEAR,,-1,1,,NSE,1
4503,MPHASIS-EQ,MPHASIS,,-1,1,,NSE,10
467,HDFCLIFE-EQ,HDFCLIFE,,-1,1,,NSE,5
4668,BANKBARODA-EQ,BANKBARODA,,-1,1,,NSE,1
4693,SHYAMMETL-EQ,SHYAMMETL,,-1,1,,NSE,5
522,ICICIB22-EQ,ICICIB22,,-1,1,,NSE,1
5097,ETERNAL-EQ,ETERNAL,,-1,1,,NSE,5
5258,INDUSINDBK-EQ,INDUSINDBK,,-1,1,,NSE,5
5264,PDSL-EQ,PDSL,,-1,1,,NSE,5
5108,KPIGREEN-EQ,KPIGREEN,,-1,1,,NSE,5
5279,ROLEXRINGS-EQ,ROLEXRINGS,,-1,1,,NSE,10
5313,UGROCAP-EQ,UGROCAP,,-1,1,,NSE,1
5359,KRSNAA-EQ,KRSNAA,,-1,1,,NSE,5
5394,MOL-EQ,MOL,,-1,1,,NSE,1
5701,CUB-EQ,CUB,,-1,1,,NSE,1
5751,SANSERA-EQ,SANSERA,,-1,1,,NSE,10
6006,COASTCORP-EQ,COASTCORP,,-1,1,,NSE,1
6018,ABSLAMC-EQ,ABSLAMC,,-1,1,,NSE,5
6045,PASUPTAC-EQ,PASUPTAC,,-1,1,,NSE,1
6062,LICNETFGSC-EQ,LICNETFGSC,,-1,1,,NSE,1
6385,CCHHL-EQ,CCHHL,,-1,1,,NSE,1
6705,PAYTM-EQ,PAYTM,,-1,1,,NSE,10
6792,SBC-EQ,SBC,,-1,1,,NSE,1
6818,LATENTVIEW-EQ,LATENTVIEW,,-1,1,,NSE,5
6943,TARSONS-EQ,TARSONS,,-1,1,,NSE,5
6994,BSOFT-EQ,BSOFT,,-1,1,,NSE,5
7105,TEGA-EQ,TEGA,,-1,1,,NSE,10
715,HEUBACHIND-EQ,HEUBACHIND,,-1,1,,NSE,5
7177,RATEGAIN-EQ,RATEGAIN,,-1,1,,NSE,5
7196,BBETF0432-EQ,BBETF0432,,-1,1,,NSE,1
7218,SBIETFQLTY-EQ,SBIETFQLTY,,-1,1,,NSE,1
7227,MAPMYINDIA-EQ,MAPMYINDIA,,-1,1,,NSE,10
7254,MEDPLUS-EQ,MEDPLUS,,-1,1,,NSE,5
7412,ALPHA-EQ,ALPHA,,-1,1,,NSE,1
7420,MANAKALUCO-EQ,MANAKALUCO,,-1,1,,NSE,1
7456,MIDQ50ADD-EQ,MIDQ50ADD,,-1,1,,NSE,1
756871,ENRIN-EQ,ENRIN,,-1,1,,NSE,10
757,CRISIL-EQ,CRISIL,,-1,1,,NSE,10
757545,TRAVELFOOD-EQ,TRAVELFOOD,,-1,1,,NSE,10
3821,ZODIACLOTH-EQ,ZODIACLOTH,,-1,1,,NSE,1
3972,PARASPETRO-EQ,PARASPETRO,,-1,1,,NSE,1
4040,EIMCOELECO-EQ,EIMCOELECO,,-1,1,,NSE,10
4041,JAYAGROGN-EQ,JAYAGROGN,,-1,1,,NSE,1
4136,BIOFILCHEM-EQ,BIOFILCHEM,,-1,1,,NSE,1
436,IFGLEXPOR-EQ,IFGLEXPOR,,-1,1,,NSE,1
4422,INDIANCARD-EQ,INDIANCARD,,-1,1,,NSE,5
4469,ELECTHERM-EQ,ELECTHERM,,-1,1,,NSE,5
4566,RUCHINFRA-EQ,RUCHINFRA,,-1,1,,NSE,1
471,OSWALGREEN-EQ,OSWALGREEN,,-1,1,,NSE,1
4751,INDRAMEDCO-EQ,INDRAMEDCO,,-1,1,,NSE,5
480,BIRLACORPN-EQ,BIRLACORPN,,-1,1,,NSE,10
4911,MADRASFERT-EQ,MADRASFERT,,-1,1,,NSE,1
5020,SVPGLOB-EQ,SVPGLOB,,-1,1,,NSE,1
5142,CIGNITITEC-EQ,CIGNITITEC,,-1,1,,NSE,10
530,BPL-EQ,BPL,,-1,1,,NSE,1
5378,ASAHIINDIA-EQ,ASAHIINDIA,,-1,1,,NSE,5
5385,AAVAS-EQ,AAVAS,,-1,1,,NSE,10
5782,MASPTOP50-EQ,MASPTOP50,,-1,1,,NSE,1
559,BSL-EQ,BSL,,-1,1,,NSE,1
5911,PARAS-EQ,PARAS,,-1,1,,NSE,5
5957,BSLSENETFG-EQ,BSLSENETFG,,-1,1,,NSE,1
6422,MANORG-EQ,MANORG,,-1,1,,NSE,5
6446,CONSUMIETF-EQ,CONSUMIETF,,-1,1,,NSE,1
6462,TECH-EQ,TECH,,-1,1,,NSE,1
6545,NYKAA-EQ,NYKAA,,-1,1,,NSE,1
6596,SONATSOFTW-EQ,SONATSOFTW,,-1,1,,NSE,5
6606,EQUAL50ADD-EQ,EQUAL50ADD,,-1,1,,NSE,1
6656,POLICYBZR-EQ,POLICYBZR,,-1,1,,NSE,10
6718,SAPPHIRE-EQ,SAPPHIRE,,-1,1,,NSE,5
6944,GANECOS-EQ,GANECOS,,-1,1,,NSE,10
7,AARTIIND-EQ,AARTIIND,,-1,1,,NSE,5
703,DICIND-EQ,DICIND,,-1,1,,NSE,5
708,SHRADHA-EQ,SHRADHA,,-1,1,,NSE,1
7074,MAHKTECH-EQ,MAHKTECH,,-1,1,,NSE,1
7169,MICEL-EQ,MICEL,,-1,1,,NSE,1
7229,HCLTECH-EQ,HCLTECH,,-1,1,,NSE,10
7287,JTLIND-EQ,JTLIND,,-1,1,,NSE,1
7374,STAR-EQ,STAR,,-1,1,,NSE,5
740,SBIETFIT-EQ,SBIETFIT,,-1,1,,NSE,1
7376,HPAL-EQ,HPAL,,-1,1,,NSE,1
7390,SUPRIYA-EQ,SUPRIYA,,-1,1,,NSE,5
7406,GLENMARK-EQ,GLENMARK,,-1,1,,NSE,10
7411,NILASPACES-EQ,NILASPACES,,-1,1,,NSE,1
756843,ABLBL-EQ,ABLBL,,-1,1,,NSE,1
757102,BELRISE-EQ,BELRISE,,-1,1,,NSE,1
757478,SCODATUBES-EQ,SCODATUBES,,-1,1,,NSE,1
757814,GROWWNET-EQ,GROWWNET,,-1,1,,NSE,1
757845,INDIQUBE-EQ,INDIQUBE,,-1,1,,NSE,1
24856,SSDL-EQ,SSDL,,-1,1,,NSE,1
24961,ORIENTTECH-EQ,ORIENTTECH,,-1,1,,NSE,5
24966,SURAJLTD-EQ,SURAJLTD,,-1,1,,NSE,5
25178,TDPOWERSYS-EQ,TDPOWERSYS,,-1,1,,NSE,5
25503,INDOUS-EQ,INDOUS,,-1,1,,NSE,1
25584,TRITURBINE-EQ,TRITURBINE,,-1,1,,NSE,5
25606,MOMENTUM50-EQ,MOMENTUM50,,-1,1,,NSE,1
25643,KRN-EQ,KRN,,-1,1,,NSE,5
25672,DIFFNKG-EQ,DIFFNKG,,-1,1,,NSE,5
25690,DSSL-EQ,DSSL,,-1,1,,NSE,5
25725,BANKPSU-EQ,BANKPSU,,-1,1,,NSE,1
25851,VAL30IETF-EQ,VAL30IETF,,-1,1,,NSE,1
2606,LEMONTREE-EQ,LEMONTREE,,-1,1,,NSE,1
2610,PEARLPOLY-EQ,PEARLPOLY,,-1,1,,NSE,1
2645,DRCSYSTEMS-EQ,DRCSYSTEMS,,-1,1,,NSE,1
263,ATUL-EQ,ATUL,,-1,1,,NSE,50
27008,HEXATRADEX-EQ,HEXATRADEX,,-1,1,,NSE,1
2705,PRAJIND-EQ,PRAJIND,,-1,1,,NSE,5
27079,KPEL-EQ,KPEL,,-1,1,,NSE,5
27097,NIVABUPA-EQ,NIVABUPA,,-1,1,,NSE,1
28046,MOBIKWIK-EQ,MOBIKWIK,,-1,1,,NSE,1
28125,IKS-EQ,IKS,,-1,1,,NSE,10
2837,RANASUG-EQ,RANASUG,,-1,1,,NSE,1
28662,DAMCAPITAL-EQ,DAMCAPITAL,,-1,1,,NSE,1
28714,TRANSRAILL-EQ,TRANSRAILL,,-1,1,,NSE,5
28888,SENORES-EQ,SENORES,,-1,1,,NSE,5
2939,RUBYMILLS-EQ,RUBYMILLS,,-1,1,,NSE,1
29452,AGARWALEYE-EQ,AGARWALEYE,,-1,1,,NSE,5
29482,MCLOUD-EQ,MCLOUD,,-1,1,,NSE,1
2955,KALYANKJIL-EQ,KALYANKJIL,,-1,1,,NSE,5
29624,AJAXENGG-EQ,AJAXENGG,,-1,1,,NSE,5
29872,GROWWN200-EQ,GROWWN200,,-1,1,,NSE,1
29962,JUSTDIAL-EQ,JUSTDIAL,,-1,1,,NSE,5
29975,AONETOTAL-EQ,AONETOTAL,,-1,1,,NSE,1
30065,MOCAPITAL-EQ,MOCAPITAL,,-1,1,,NSE,1
30108,ABFRL-EQ,ABFRL,,-1,1,,NSE,1
30139,CASHIETF-EQ,CASHIETF,,-1,1,,NSE,1
305,BAJAJHLDNG-EQ,BAJAJHLDNG,,-1,1,,NSE,100
308,BAJAJHIND-EQ,BAJAJHIND,,-1,1,,NSE,1
3088,INDOSTAR-EQ,INDOSTAR,,-1,1,,NSE,5
31138,COMPUSOFT-EQ,COMPUSOFT,,-1,1,,NSE,1
3149,BORORENEW-EQ,BORORENEW,,-1,1,,NSE,5
31258,NDL-EQ,NDL,,-1,1,,NSE,1
3417,HONAUT-EQ,HONAUT,,-1,1,,NSE,500
3426,TATAPOWER-EQ,TATAPOWER,,-1,1,,NSE,5
3456,TATAMOTORS-EQ,TATAMOTORS,,-1,1,,NSE,5
3435,BBOX-EQ,BBOX,,-1,1,,NSE,5
3506,TITAN-EQ,TITAN,,-1,1,,NSE,10
3694,VINDHYATEL-EQ,VINDHYATEL,,-1,1,,NSE,10
3727,ANMOL-EQ,ANMOL,,-1,1,,NSE,1
3766,WHEELS-EQ,WHEELS,,-1,1,,NSE,5
3812,ZEEL-EQ,ZEEL,,-1,1,,NSE,1
3857,VARROC-EQ,VARROC,,-1,1,,NSE,5
4014,NAVA-EQ,NAVA,,-1,1,,NSE,5
4105,SILINV-EQ,SILINV,,-1,1,,NSE,5
4179,SUNDRMBRAK-EQ,SUNDRMBRAK,,-1,1,,NSE,5
4157,KEYFINSERV-EQ,KEYFINSERV,,-1,1,,NSE,5
4184,SANGAMIND-EQ,SANGAMIND,,-1,1,,NSE,5
4279,DENORA-EQ,DENORA,,-1,1,,NSE,5
4299,STERTOOLS-EQ,STERTOOLS,,-1,1,,NSE,5
438,BHEL-EQ,BHEL,,-1,1,,NSE,1
445,5PAISA-EQ,5PAISA,,-1,1,,NSE,5
4717,GAIL-EQ,GAIL,,-1,1,,NSE,1
4656,SBCL-EQ,SBCL,,-1,1,,NSE,5
5382,EPIGRAL-EQ,EPIGRAL,,-1,1,,NSE,10
5401,NGIL-EQ,NGIL,,-1,1,,NSE,1
583,CANFINHOME-EQ,CANFINHOME,,-1,1,,NSE,5
595,CARBORUNIV-EQ,CARBORUNIV,,-1,1,,NSE,5
5948,SOUTHBANK-EQ,SOUTHBANK,,-1,1,,NSE,1
6068,AIROLAM-EQ,AIROLAM,,-1,1,,NSE,1
6227,DTIL-EQ,DTIL,,-1,1,,NSE,1
6297,HEALTHY-EQ,HEALTHY,,-1,1,,NSE,1
6364,NATIONALUM-EQ,NATIONALUM,,-1,1,,NSE,1
6579,FINOPB-EQ,FINOPB,,-1,1,,NSE,5
6711,IVC-EQ,IVC,,-1,1,,NSE,1
6782,NIPPOBATRY-EQ,NIPPOBATRY,,-1,1,,NSE,5
701,HEMIPROP-EQ,HEMIPROP,,-1,1,,NSE,1
7016,SHIVALIK-EQ,SHIVALIK,,-1,1,,NSE,5
7083,STARHEALTH-EQ,STARHEALTH,,-1,1,,NSE,5
722,SBIETFPB-EQ,SBIETFPB,,-1,1,,NSE,1
7211,JETFREIGHT-EQ,JETFREIGHT,,-1,1,,NSE,1
7358,DATAPATTNS-EQ,DATAPATTNS,,-1,1,,NSE,10
7401,RAJESHEXPO-EQ,RAJESHEXPO,,-1,1,,NSE,1
7508,ZENTEC-EQ,ZENTEC,,-1,1,,NSE,10
756015,CIFL-EQ,CIFL,,-1,1,,NSE,1
757049,RAJOOENG-EQ,RAJOOENG,,-1,1,,NSE,1
757754,PICCADIL-EQ,PICCADIL,,-1,1,,NSE,5
757953,EUROBOND-EQ,EUROBOND,,-1,1,,NSE,1
757965,SMARTWORKS-EQ,SMARTWORKS,,-1,1,,NSE,5
495,BLUEDART-EQ,BLUEDART,,-1,1,,NSE,50
5049,CLEAN-EQ,CLEAN,,-1,1,,NSE,10
5114,SGIL-EQ,SGIL,,-1,1,,NSE,5
5162,TATVA-EQ,TATVA,,-1,1,,NSE,10
5265,ALIVUS-EQ,ALIVUS,,-1,1,,NSE,5
5306,FMCGIETF-EQ,FMCGIETF,,-1,1,,NSE,1
5426,NUVOCO-EQ,NUVOCO,,-1,1,,NSE,5
5606,INTLCONV-EQ,INTLCONV,,-1,1,,NSE,1
5610,ASTRAZEN-EQ,ASTRAZEN,,-1,1,,NSE,50
5614,GANESHBE-EQ,GANESHBE,,-1,1,,NSE,1
5633,J&KBANK-EQ,J&KBANK,,-1,1,,NSE,1
578,LIKHITHA-EQ,LIKHITHA,,-1,1,,NSE,1
6141,PANSARI-EQ,PANSARI,,-1,1,,NSE,5
6218,SIKKO-EQ,SIKKO,,-1,1,,NSE,1
6232,3IINFOLTD-EQ,3IINFOLTD,,-1,1,,NSE,1
6302,APOLSINHOT-EQ,APOLSINHOT,,-1,1,,NSE,10
676,EXIDEIND-EQ,EXIDEIND,,-1,1,,NSE,5
6843,SMLT-EQ,SMLT,,-1,1,,NSE,1
6858,DHRUV-EQ,DHRUV,,-1,1,,NSE,1
7200,SHRIRAMPPS-EQ,SHRIRAMPPS,,-1,1,,NSE,1
7425,HECPROJECT-EQ,HECPROJECT,,-1,1,,NSE,1
7506,WOCKPHARMA-EQ,WOCKPHARMA,,-1,1,,NSE,10
7529,LCCINFOTEC-EQ,LCCINFOTEC,,-1,1,,NSE,1
757614,ARISINFRA-EQ,ARISINFRA,,-1,1,,NSE,1
757645,ATHERENERG-EQ,ATHERENERG,,-1,1,,NSE,5
757658,FISCHER-EQ,FISCHER,,-1,1,,NSE,10
757772,HDBFS-EQ,HDBFS,,-1,1,,NSE,5
757938,BELLACASA-EQ,BELLACASA,,-1,1,,NSE,5
25080,MULTICAP-EQ,MULTICAP,,-1,1,,NSE,1
25082,TREEHOUSE-EQ,TREEHOUSE,,-1,1,,NSE,1
25270,BAJAJHFL-EQ,BAJAJHFL,,-1,1,,NSE,1
25328,APLLTD-EQ,APLLTD,,-1,1,,NSE,5
2535,PGHH-EQ,PGHH,,-1,1,,NSE,100
25358,PGEL-EQ,PGEL,,-1,1,,NSE,5
25426,NORTHARC-EQ,NORTHARC,,-1,1,,NSE,1
25512,FLEXITUFF-EQ,FLEXITUFF,,-1,1,,NSE,1
2562,HUHTAMAKI-EQ,HUHTAMAKI,,-1,1,,NSE,1
2595,3PLAND-EQ,3PLAND,,-1,1,,NSE,1
2627,IT-EQ,IT,,-1,1,,NSE,1
27067,VSSL-EQ,VSSL,,-1,1,,NSE,5
27084,KMEW-EQ,KMEW,,-1,1,,NSE,10
27176,NTPCGREEN-EQ,NTPCGREEN,,-1,1,,NSE,1
27334,SURAKSHA-EQ,SURAKSHA,,-1,1,,NSE,5
27571,ODIGMA-EQ,ODIGMA,,-1,1,,NSE,1
28969,CONSUMER-EQ,CONSUMER,,-1,1,,NSE,1
29171,LAXMIDENTL-EQ,LAXMIDENTL,,-1,1,,NSE,5
2963,SAIL-EQ,SAIL,,-1,1,,NSE,1
29583,NATCAPSUQ-EQ,NATCAPSUQ,,-1,1,,NSE,1
29598,REPCOHOME-EQ,REPCOHOME,,-1,1,,NSE,5
2970,SURYODAY-EQ,SURYODAY,,-1,1,,NSE,1
2972,ORIENTELEC-EQ,ORIENTELEC,,-1,1,,NSE,1
30134,PRABHA-EQ,PRABHA,,-1,1,,NSE,1
3022,SDL26BEES-EQ,SDL26BEES,,-1,1,,NSE,1
3129,TRANSWORLD-EQ,TRANSWORLD,,-1,1,,NSE,1
31837,SREEL-EQ,SREEL,,-1,1,,NSE,1
3237,JTEKTINDIA-EQ,JTEKTINDIA,,-1,1,,NSE,1
3329,ISGEC-EQ,ISGEC,,-1,1,,NSE,5
3466,TFCILTD-EQ,TFCILTD,,-1,1,,NSE,5
3499,TATASTEEL-EQ,TATASTEEL,,-1,1,,NSE,1
3518,TORNTPHARM-EQ,TORNTPHARM,,-1,1,,NSE,10
3484,TIL-EQ,TIL,,-1,1,,NSE,5
371,BATAINDIA-EQ,BATAINDIA,,-1,1,,NSE,10
3837,TOKYOPLAST-EQ,TOKYOPLAST,,-1,1,,NSE,1
385,MAHLOG-EQ,MAHLOG,,-1,1,,NSE,5
395,BEML-EQ,BEML,,-1,1,,NSE,10
3965,REMSONSIND-EQ,REMSONSIND,,-1,1,,NSE,1
419,BEPL-EQ,BEPL,,-1,1,,NSE,1
4568,ATLASCYCLE-EQ,ATLASCYCLE,,-1,1,,NSE,1
4892,SAREGAMA-EQ,SAREGAMA,,-1,1,,NSE,5
5239,MAHAPEXLTD-EQ,MAHAPEXLTD,,-1,1,,NSE,1
5366,WINDLAS-EQ,WINDLAS,,-1,1,,NSE,5
5435,APTUS-EQ,APTUS,,-1,1,,NSE,5
5475,GRSE-EQ,GRSE,,-1,1,,NSE,10
5507,SERVOTECH-EQ,SERVOTECH,,-1,1,,NSE,1
5516,JAIPURKURT-EQ,JAIPURKURT,,-1,1,,NSE,1
5585,VIJAYA-EQ,VIJAYA,,-1,1,,NSE,10
6125,GOODLUCK-EQ,GOODLUCK,,-1,1,,NSE,10
628,CESC-EQ,CESC,,-1,1,,NSE,1
6353,NIFTYETF-EQ,NIFTYETF,,-1,1,,NSE,1
6445,TECHNOE-EQ,TECHNOE,,-1,1,,NSE,10
6543,GRPLTD-EQ,GRPLTD,,-1,1,,NSE,10
6913,RPPL-EQ,RPPL,,-1,1,,NSE,1
6977,ICDSLTD-EQ,ICDSLTD,,-1,1,,NSE,1
7091,SEJALLTD-EQ,SEJALLTD,,-1,1,,NSE,5
7109,JMA-EQ,JMA,,-1,1,,NSE,1
7145,ANANDRATHI-EQ,ANANDRATHI,,-1,1,,NSE,10
7325,DCMSRIND-EQ,DCMSRIND,,-1,1,,NSE,1
742,COSMOFIRST-EQ,COSMOFIRST,,-1,1,,NSE,5
756020,TINNARUBR-EQ,TINNARUBR,,-1,1,,NSE,5
756038,WAAREERTL-EQ,WAAREERTL,,-1,1,,NSE,10
757031,MOINFRA-EQ,MOINFRA,,-1,1,,NSE,1
757099,MOMGF-EQ,MOMGF,,-1,1,,NSE,1
757443,MOTOUR-EQ,MOTOUR,,-1,1,,NSE,1
757669,MOALPHA50-EQ,MOALPHA50,,-1,1,,NSE,1
757767,SAMBHV-EQ,SAMBHV,,-1,1,,NSE,1
757791,MOGOLD-EQ,MOGOLD,,-1,1,,NSE,5
758496,SBILIQETF-EQ,SBILIQETF,,-1,1,,NSE,1
758675,EFCIL-EQ,EFCIL,,-1,1,,NSE,5
758863,LAXMIINDIA-EQ,LAXMIINDIA,,-1,1,,NSE,1
759103,HILINFRA-EQ,HILINFRA,,-1,1,,NSE,1
7679,MONARCH-EQ,MONARCH,,-1,1,,NSE,5
7791,UNIINFO-EQ,UNIINFO,,-1,1,,NSE,1
7851,RAMCOSYS-EQ,RAMCOSYS,,-1,1,,NSE,5
7942,SILVERIETF-EQ,SILVERIETF,,-1,1,,NSE,1
7979,MAKEINDIA-EQ,MAKEINDIA,,-1,1,,NSE,1
8175,SAGARDEEP-EQ,SAGARDEEP,,-1,1,,NSE,1
8266,SOFTTECH-EQ,SOFTTECH,,-1,1,,NSE,5
8342,GSEC5IETF-EQ,GSEC5IETF,,-1,1,,NSE,1
919,EIHOTEL-EQ,EIHOTEL,,-1,1,,NSE,5
9116,INDOAMIN-EQ,INDOAMIN,,-1,1,,NSE,1
9253,NILAINFRA-EQ,NILAINFRA,,-1,1,,NSE,1
9385,PNCINFRA-EQ,PNCINFRA,,-1,1,,NSE,5
9384,CREATIVEYE-EQ,CREATIVEYE,,-1,1,,NSE,1
958,ESCORTS-EQ,ESCORTS,,-1,1,,NSE,10
9810,AETHER-EQ,AETHER,,-1,1,,NSE,5
9879,CHEVIOT-EQ,CHEVIOT,,-1,1,,NSE,10
9889,SMARTLINK-EQ,SMARTLINK,,-1,1,,NSE,1
9921,ALANKIT-EQ,ALANKIT,,-1,1,,NSE,1
757955,PASHUPATI-EQ,PASHUPATI,,-1,1,,NSE,5
757946,QUALITY30-EQ,QUALITY30,,-1,1,,NSE,1
758448,ALLTIME-EQ,ALLTIME,,-1,1,,NSE,5
758460,JSWCEMENT-EQ,JSWCEMENT,,-1,1,,NSE,1
758558,KALPATARU-EQ,KALPATARU,,-1,1,,NSE,5
758889,SGMART-EQ,SGMART,,-1,1,,NSE,5
759448,SHREEJISPG-EQ,SHREEJISPG,,-1,1,,NSE,5
759461,GEMAROMA-EQ,GEMAROMA,,-1,1,,NSE,5
7838,NETF-EQ,NETF,,-1,1,,NSE,1
79,ALEMBICLTD-EQ,ALEMBICLTD,,-1,1,,NSE,1
8083,CROWN-EQ,CROWN,,-1,1,,NSE,1
827,DEEPAKFERT-EQ,DEEPAKFERT,,-1,1,,NSE,10
8413,MIDCAPETF-EQ,MIDCAPETF,,-1,1,,NSE,1
8546,CHALET-EQ,CHALET,,-1,1,,NSE,10
8890,VERANDA-EQ,VERANDA,,-1,1,,NSE,1
8953,ELDEHSG-EQ,ELDEHSG,,-1,1,,NSE,5
9168,UTISXN50-EQ,UTISXN50,,-1,1,,NSE,1
940,PGHL-EQ,PGHL,,-1,1,,NSE,50
9362,CAMPUS-EQ,CAMPUS,,-1,1,,NSE,5
9683,KPITTECH-EQ,KPITTECH,,-1,1,,NSE,10
981,EPL-EQ,EPL,,-1,1,,NSE,1
9819,HAVELLS-EQ,HAVELLS,,-1,1,,NSE,10
9931,VIKASLIFE-EQ,VIKASLIFE,,-1,1,,NSE,1
9939,ONEPOINT-EQ,ONEPOINT,,-1,1,,NSE,1
757989,CHEMBONDCH-EQ,CHEMBONDCH,,-1,1,,NSE,1
758748,MEIL-EQ,MEIL,,-1,1,,NSE,5
759291,BLUESTONE-EQ,BLUESTONE,,-1,1,,NSE,5
760,CGPOWER-EQ,CGPOWER,,-1,1,,NSE,5
772,DABUR-EQ,DABUR,,-1,1,,NSE,5
781,DALMIASUG-EQ,DALMIASUG,,-1,1,,NSE,5
7780,BCONCEPTS-EQ,BCONCEPTS,,-1,1,,NSE,5
7852,INOXWIND-EQ,INOXWIND,,-1,1,,NSE,1
7886,MHLXMIRU-EQ,MHLXMIRU,,-1,1,,NSE,1
7936,AVANTIFEED-EQ,AVANTIFEED,,-1,1,,NSE,5
8080,SILVERBEES-EQ,SILVERBEES,,-1,1,,NSE,1
8153,MEGASTAR-EQ,MEGASTAR,,-1,1,,NSE,1
8163,SPENCERS-EQ,SPENCERS,,-1,1,,NSE,1
8632,LOWVOL1-EQ,LOWVOL1,,-1,1,,NSE,1
8687,MUKTAARTS-EQ,MUKTAARTS,,-1,1,,NSE,1
8944,RITCO-EQ,RITCO,,-1,1,,NSE,5
9356,MSTCLTD-EQ,MSTCLTD,,-1,1,,NSE,5
9378,TRU-EQ,TRU,,-1,1,,NSE,1
9552,RVNL-EQ,RVNL,,-1,1,,NSE,5
9581,METROPOLIS-EQ,METROPOLIS,,-1,1,,NSE,10
9599,DELHIVERY-EQ,DELHIVERY,,-1,1,,NSE,5
9867,NEXTMEDIA-EQ,NEXTMEDIA,,-1,1,,NSE,1
758115,JSLL-EQ,JSLL,,-1,1,,NSE,5
758173,PROSTARM-EQ,PROSTARM,,-1,1,,NSE,1
758551,RAYMONDREL-EQ,RAYMONDREL,,-1,1,,NSE,5
758563,ELLEN-EQ,ELLEN,,-1,1,,NSE,5
758904,AONEGOLD-EQ,AONEGOLD,,-1,1,,NSE,1
758952,ELM250-EQ,ELM250,,-1,1,,NSE,1
759453,VIKRAMSOLR-EQ,VIKRAMSOLR,,-1,1,,NSE,5
7672,IMAGICAA-EQ,IMAGICAA,,-1,1,,NSE,1
7982,GRWRHITECH-EQ,GRWRHITECH,,-1,1,,NSE,10
8075,DALBHARAT-EQ,DALBHARAT,,-1,1,,NSE,10
811,DCMSHRIRAM-EQ,DCMSHRIRAM,,-1,1,,NSE,10
8119,RPSGVENT-EQ,RPSGVENT,,-1,1,,NSE,5
857,DHAMPURSUG-EQ,DHAMPURSUG,,-1,1,,NSE,1
8736,PNBGILTS-EQ,PNBGILTS,,-1,1,,NSE,1
8797,OBCL-EQ,OBCL,,-1,1,,NSE,1
9087,PIXTRANS-EQ,PIXTRANS,,-1,1,,NSE,10
9111,ARVINDFASN-EQ,ARVINDFASN,,-1,1,,NSE,5
9117,TIPSMUSIC-EQ,TIPSMUSIC,,-1,1,,NSE,5
9309,STLTECH-EQ,STLTECH,,-1,1,,NSE,1
9342,PNC-EQ,PNC,,-1,1,,NSE,1
955,ESABINDIA-EQ,ESABINDIA,,-1,1,,NSE,50
9590,POLYCAB-EQ,POLYCAB,,-1,1,,NSE,50
9592,VENUSPIPES-EQ,VENUSPIPES,,-1,1,,NSE,10
9667,MEDICO-EQ,MEDICO,,-1,1,,NSE,1
9902,AXITA-EQ,AXITA,,-1,1,,NSE,1
758145,LOTUSDEV-EQ,LOTUSDEV,,-1,1,,NSE,1
758457,MOSILVER-EQ,MOSILVER,,-1,1,,NSE,1
758595,INTERNET-EQ,INTERNET,,-1,1,,NSE,1
758667,MANUFGBEES-EQ,MANUFGBEES,,-1,1,,NSE,1
758705,LTGILTCASE-EQ,LTGILTCASE,,-1,1,,NSE,1
759458,GROWWNXT50-EQ,GROWWNXT50,,-1,1,,NSE,1
7862,GVPIL-EQ,GVPIL,,-1,1,,NSE,5
7965,MALLCOM-EQ,MALLCOM,,-1,1,,NSE,10
817,DCW-EQ,DCW,,-1,1,,NSE,1
8050,MAHLIFE-EQ,MAHLIFE,,-1,1,,NSE,5
8311,BLUESTARCO-EQ,BLUESTARCO,,-1,1,,NSE,10
8479,TVSMOTOR-EQ,TVSMOTOR,,-1,1,,NSE,10
8506,MID150BEES-EQ,MID150BEES,,-1,1,,NSE,1
8510,GATEWAY-EQ,GATEWAY,,-1,1,,NSE,1
8529,GMRP&UI-EQ,GMRP&UI,,-1,1,,NSE,1
8654,MOLOWVOL-EQ,MOLOWVOL,,-1,1,,NSE,1
8806,SONAMLTD-EQ,SONAMLTD,,-1,1,,NSE,1
8840,USHAMART-EQ,USHAMART,,-1,1,,NSE,5
8882,TNIDETF-EQ,TNIDETF,,-1,1,,NSE,1
8968,HARIOMPIPE-EQ,HARIOMPIPE,,-1,1,,NSE,5
913,EQUITASBNK-EQ,EQUITASBNK,,-1,1,,NSE,1
9049,ROTO-EQ,ROTO,,-1,1,,NSE,1
9428,SKIPPER-EQ,SKIPPER,,-1,1,,NSE,5
9480,LICI-EQ,LICI,,-1,1,,NSE,5
9558,AKSHAR-EQ,AKSHAR,,-1,1,,NSE,1
9576,MAHESHWARI-EQ,MAHESHWARI,,-1,1,,NSE,1
9874,GOLDTECH-EQ,GOLDTECH,,-1,1,,NSE,1
9897,AIRAN-EQ,AIRAN,,-1,1,,NSE,1
999,EUROTEXIND-EQ,EUROTEXIND,,-1,1,,NSE,1
